exercise_id,name,body_part,visual_family,definition_status,pose_description,equipment,target_muscles,batch_no,slot_no,status,qa_status,review_notes,pilot_first_generation_pass,pilot_regeneration_count,pilot_final_qa,pilot080_first_generation_pass,pilot080_regeneration_count,pilot080_final_qa,pilot120_first_generation_pass,pilot120_regeneration_count,pilot120_final_qa
4f1cce7d-4ed1-46b7-ac6e-44f00952a2f1,니 푸시업,가슴,push_up,DRAFT_READY,"Knees and palms on floor, knees remain in contact with floor, straight line from knees to shoulders, bending elbows in a knee-supported push-up.","[""floor""]","[""pectoralis major""]",GND-003,2,BATCHED,NOT_RUN,,,,,,,,true,0,PASS
b81d2cde-c33d-4c43-827e-cb84c8e76388,덤벨 벤치프레스,가슴,bench_press,DRAFT_READY,"Lying on a flat bench, feet on floor, pressing one dumbbell in each hand upward from chest level.","[""flat bench"", ""two dumbbells""]","[""pectoralis major""]",GND-001,1,BATCHED,NOT_RUN,,,,,true,0,PASS,,,
de1c3255-4056-42f7-9ee4-ee932530231e,덤벨 스퀴즈 프레스,가슴,bench_press,DRAFT_READY,"Lying on a flat bench, holding two dumbbells PRESSED TOGETHER over center of chest throughout the upward press; show dumbbells touching.","[""flat bench"", ""two dumbbells""]","[""pectoralis major""]",GND-001,2,BATCHED,NOT_RUN,,,,,,,,,,
3d95c8df-65c3-4be0-a349-3fc805cc8da8,덤벨 풀오버,가슴,pullover,DRAFT_READY,"Lying lengthwise on a flat bench, holding ONE dumbbell with both hands, moving weight in an arc behind head with slightly bent elbows.","[""flat bench"", ""one dumbbell""]","[""latissimus dorsi"", ""pectoralis major""]",GND-003,1,BATCHED,NOT_RUN,,true,0,PASS,,,,,,
95d76fa3-9cfd-4afd-ace5-67428e878c9a,덤벨 플라이,가슴,chest_fly,DRAFT_READY,"Lying on a FLAT bench, holding one dumbbell in each hand, arms opened wide with softly bent elbows at chest height. Show the flat bench unmistakably. Three-quarter side view.","[""flat bench"", ""two dumbbells""]","[""pectoralis major""]",GND-TRIAL-001,2,QA_FAIL,FAIL,,false,1,PASS,,,,,,
5816c49f-6021-4de2-bd10-bca4d00587f7,디클라인 덤벨 플라이,가슴,chest_fly,DRAFT_READY,"Lying on a decline bench, head LOWER than hips, ankles secured, opening two dumbbells sideways with softly bent elbows.","[""decline bench"", ""two dumbbells""]","[""pectoralis major""]",GND-001,10,BATCHED,NOT_RUN,,,,,,,,true,0,PASS
dc4295d7-3d91-4cd9-922a-dd9399bf4045,디클라인 벤치프레스,가슴,bench_press,DRAFT_READY,"Lying on a decline bench with head lower than hips and ankles secured, pressing a BARBELL over lower chest.","[""decline bench"", ""barbell""]","[""pectoralis major""]",GND-001,3,BATCHED,NOT_RUN,,,,,,,,true,0,PASS
573fae91-c180-4c8d-8328-3465a5af7253,디클라인 체스트 프레스 머신,가슴,chest_press_machine,DRAFT_READY,"Seated in a decline chest press machine, pushing handles forward and downward relative to shoulders, no dumbbells.","[""decline chest press machine""]","[""pectoralis major""]",GND-002,6,BATCHED,NOT_RUN,,,,,,,,,,
c7db43ca-025f-4f7e-9da6-2ccda4c76150,디클라인 푸시업,가슴,push_up,DRAFT_READY,"Hands on floor and feet elevated on a stable bench, straight body descending from feet toward head, bending elbows to lower chest.","[""bench"", ""floor""]","[""pectoralis major""]",GND-003,3,BATCHED,NOT_RUN,,,,,,,,true,0,PASS
da6544dc-60da-4a88-8f15-f95aa0c1b542,딥스,가슴,dip,DRAFT_READY,"On parallel dip bars, feet off floor, elbows bent, torso leaning slightly forward between bars.","[""parallel bars""]","[""pectoralis major"", ""triceps brachii""]",GND-002,8,BATCHED,NOT_RUN,,true,0,PASS,,,,,,
ef8292ff-da18-48e3-92a0-0a1dbecf4738,로우 풀리 케이블 플라이,가슴,chest_fly,DRAFT_READY,"Standing between two LOW cable pulleys, lifting handles upward and inward from hip height toward upper chest. Use equipment: cable machine, two handles. Full body and equipment visible.","[""cable machine"", ""two handles""]","[""pectoralis major""]",GND-002,1,BATCHED,NOT_RUN,,,,,,,,,,
caa65e0d-05ee-4fe0-b934-3178b03b53ef,바벨 플로어 프레스,가슴,bench_press,DRAFT_READY,"Lying on FLOOR with bent knees, pressing load over chest; elbows stop against floor, no bench. Use equipment: barbell. Full body and equipment visible.","[""barbell""]","[""pectoralis major""]",GND-001,4,BATCHED,NOT_RUN,,,,,true,0,PASS,,,
be2a2460-c20c-4327-a092-0d4dbaa5b5a6,벤치프레스,가슴,bench_press,DRAFT_READY,"Lying on a flat bench, feet on floor, both hands gripping a barbell above mid chest, elbows bent in a controlled bench press.","[""flat bench"", ""barbell""]","[""pectoralis major""]",GND-001,5,BATCHED,NOT_RUN,,true,0,PASS,,,,,,
19e6fd00-af2d-4eb7-b8a0-d66f10dd455e,스미스머신 벤치프레스,가슴,bench_press,DRAFT_READY,"Lying on FLAT bench inside Smith frame, pressing bar along fixed vertical rails over chest.","[""Smith machine"", ""flat bench""]","[""pectoralis major""]",GND-001,6,BATCHED,NOT_RUN,,,,,,,,true,0,PASS
2e52fbb2-497a-4bd5-8213-cf62f3199131,스미스머신 인클라인 벤치프레스,가슴,bench_press,DRAFT_READY,"Lying on visibly INCLINED bench inside Smith frame, pressing guided bar above upper chest.","[""Smith machine"", ""incline bench""]","[""pectoralis major""]",GND-001,7,BATCHED,NOT_RUN,,,,,,,,true,0,PASS
d782db99-4ad9-4e73-9376-8974896f1b5c,스탠딩 케이블 플라이,가슴,chest_fly,DRAFT_READY,"Standing between two cable columns, holding one handle in each hand, bringing arms together in front of chest at chest height.","[""dual cable machine"", ""two handles""]","[""pectoralis major""]",GND-002,2,BATCHED,NOT_RUN,,,,,true,0,PASS,,,
225633ce-e69d-4a2e-8b28-4394f3423723,스포토 벤치프레스,가슴,bench_press,DRAFT_READY,Flat barbell bench press paused with bar a few centimeters above chest without touching it.,"[""flat bench"", ""barbell""]","[""pectoralis major""]",GND-001,8,BATCHED,NOT_RUN,,,,,,,,,,
b5fc1f18-ea7c-49dd-9b29-42a6dddfe5c9,시티드 딥스 머신,가슴,dip,DRAFT_READY,"Seated upright in dip machine with hands on handles beside hips, pushing handles DOWN by extending elbows.","[""seated dip machine""]","[""triceps brachii""]",GND-002,9,BATCHED,NOT_RUN,,,,,,,,,,
6b1013d6-5f25-4665-9782-9419db996443,아처 푸시업,가슴,push_up,DRAFT_READY,Wide floor push-up shifted toward one bent elbow while opposite arm stays straight sideways. Use equipment: floor. Full body and equipment visible.,"[""floor""]","[""pectoralis major""]",GND-003,4,BATCHED,NOT_RUN,,,,,,,,,,
f34bfcaa-1c46-439f-9ffe-287f45670ef2,어시스트 딥스 머신,가슴,dip,DRAFT_READY,"On parallel dip handles of assisted dip machine, knees on moving assistance pad, bending elbows to lower torso.","[""assisted dip machine""]","[""pectoralis major"", ""triceps brachii""]",GND-002,10,BATCHED,NOT_RUN,,,,,,,,,,
ed65b5e8-b999-44e4-98aa-3a60f5a2ccd7,와이드 푸시업,가슴,push_up,DRAFT_READY,"Floor push-up with palms visibly wider than shoulder width, toes on floor, straight body, elbows bent. Front three-quarter view emphasizing the wide hand spacing.","[""floor""]","[""pectoralis major""]",GND-TRIAL-001,5,QA_FAIL,FAIL,,,,,true,0,PASS,,,
81b42a17-af19-4664-91f3-e65c4b1792ae,인치웜 푸시업,가슴,push_up,DRAFT_READY,"From standing, hands walk forward on floor to a high plank and perform a push-up; depict high plank phase and describe full motion in metadata. Use equipment: floor. Full body and equipment visible.","[""floor""]","[""pectoralis major""]",GND-003,5,BATCHED,NOT_RUN,,,,,,,,,,
1c0251d1-54ca-45f6-ace2-4cb8bebab7a6,인클라인 덤벨 벤치프레스,가슴,bench_press,DRAFT_READY,"Lying on a incline bench about 35 degrees, feet secured, pressing load above chest. Use equipment: two dumbbells, incline bench about 35 degrees. Full body and equipment visible.","[""two dumbbells"", ""incline bench about 35 degrees""]","[""pectoralis major""]",GND-001,9,BATCHED,NOT_RUN,,,,,,,,true,0,PASS
9191f601-2b98-43d9-a3a7-df8614d08f52,인클라인 덤벨 트위스트 프레스,가슴,,NEEDS_REVIEW,,[],[],,,PENDING,NOT_RUN,No sufficiently explicit definition available in current specification.,,,,,,,,,
04ba20b1-68f6-4a43-b853-3f23eb23fa05,인클라인 덤벨 플라이,가슴,chest_fly,DRAFT_READY,"Lying on a visibly inclined bench about 35 degrees, arms opening wide with slightly bent elbows, one dumbbell in each hand.","[""incline bench"", ""two dumbbells""]","[""pectoralis major""]",GND-002,3,BATCHED,NOT_RUN,,,,,,,,true,0,PASS
cc78448a-a580-4e8d-85ef-108281d37409,인클라인 벤치프레스,가슴,bench_press,DRAFT_READY,"Lying on an inclined bench about 35 degrees, both feet on floor, lowering a BARBELL to upper chest; barbell remains above chest, not behind neck. Side three-quarter view.","[""incline bench"", ""barbell""]","[""pectoralis major""]",GND-TRIAL-001,1,QA_FAIL,FAIL,,,,,false,1,PASS,,,
6660fcd0-012a-4785-a956-ab3aa5d8cf48,인클라인 벤치프레스 머신,가슴,chest_press_machine,DRAFT_READY,"Seated reclined in an incline chest press MACHINE, pressing handles upward and forward along an incline path, not a decline path.","[""incline chest press machine""]","[""pectoralis major""]",GND-002,7,BATCHED,NOT_RUN,,,,,,,,,,
c164c5be-b792-4ac2-8b85-ba7a9470eee4,인클라인 케이블 플라이,가슴,chest_fly,DRAFT_READY,"Lying on an incline bench between cable columns, opening arms wide then bringing cable handles together above upper chest. Use equipment: cable machine, incline bench, two handles. Full body and equipment visible.","[""cable machine"", ""incline bench"", ""two handles""]","[""pectoralis major""]",GND-002,4,BATCHED,NOT_RUN,,,,,,,,,,
ca028f1c-1646-4419-a27c-2c03d74f8e4f,인클라인 푸시업,가슴,push_up,DRAFT_READY,"Hands elevated on a bench, toes on floor, straight body sloping upward toward shoulders. Use equipment: bench, floor. Full body and equipment visible.","[""bench"", ""floor""]","[""pectoralis major""]",GND-003,6,BATCHED,NOT_RUN,,,,,true,0,PASS,,,
17daf6a2-0287-452c-9cad-d66d87147c15,중량 딥스,가슴,,NEEDS_REVIEW,,[],[],,,PENDING,NOT_RUN,No sufficiently explicit definition available in current specification.,,,,,,,,,
4750b6da-0a3f-40d4-89a7-ccf4560e83a5,중량 푸시업,가슴,,NEEDS_REVIEW,,[],[],,,PENDING,NOT_RUN,Push-up variation/load not explicitly defined.,,,,,,,,,
486fa05a-f354-45c9-a3c9-934b38f91f9c,체스트프레스 머신,가슴,chest_press_machine,DRAFT_READY,"Seated upright against a back pad, feet on floor, pressing two MACHINE handles forward at chest level. Show the seated chest press machine, not a bench or free weights.","[""seated chest press machine""]","[""pectoralis major""]",GND-TRIAL-001,3,QA_FAIL,FAIL,,,,,,,,,,
9fb956e7-1376-4607-b244-6e647b01dbe9,클랩 푸시업,가슴,push_up,DRAFT_READY,"Explosive floor push-up, hands momentarily off floor clapping in front of chest, toes on floor. Use equipment: floor. Full body and equipment visible.","[""floor""]","[""pectoralis major""]",GND-003,7,BATCHED,NOT_RUN,,,,,,,,,,
a89a4f0c-f339-4db4-8902-6547992b02a4,클로즈그립 푸시업,가슴,push_up,DRAFT_READY,"Floor push-up with palms close together beneath center of chest, straight body. Use equipment: floor. Full body and equipment visible.","[""floor""]","[""pectoralis major""]",GND-003,8,BATCHED,NOT_RUN,,,,,,,,,,
9371e57e-7e33-4f08-8c5a-ad414ce7c7a4,타이슨 푸시업,가슴,,NEEDS_REVIEW,,[],[],,,PENDING,NOT_RUN,Existing guide and local generation prompt disagree on this movement.,,,,,,,,,
197fb122-f10f-431f-8f54-88d1ec8becd0,펙덱 플라이 머신,가슴,chest_fly,DRAFT_READY,"Seated upright in a pec-deck machine, elbows softly bent, bringing machine handles together in front of chest.","[""pec-deck machine""]","[""pectoralis major""]",GND-002,5,BATCHED,NOT_RUN,,false,1,PASS,,,,,,
21211d6e-b1c9-4200-807c-ddb8b5ee89aa,푸시업,가슴,push_up,DRAFT_READY,"Standard floor push-up, toes and palms on floor, body straight from heels to head, hands beneath shoulders, elbows bent at bottom. Side view.","[""floor""]","[""pectoralis major""]",GND-TRIAL-001,4,QA_FAIL,FAIL,,true,0,PASS,,,,,,
e0e00655-0876-4693-b3bb-b56f2435ff2a,해머 벤치프레스,가슴,,NEEDS_REVIEW,,[],[],,,PENDING,NOT_RUN,Hammer-grip dumbbells versus Hammer Strength machine not confirmed.,,,,,,,,,
08aad5ac-8a93-4c98-8a19-0b3fb5aa3702,힌두 푸시업,가슴,,NEEDS_REVIEW,,[],[],,,PENDING,NOT_RUN,Push-up variation/load not explicitly defined.,,,,,,,,,
50aa51d7-6b63-4b88-a117-76a635d447ee,DY 로우 머신,등,,NEEDS_REVIEW,,[],[],,,PENDING,NOT_RUN,Exact machine geometry and grip not confirmed.,,,,,,,,,
89a8c6e1-9ba9-423e-ba69-56f13885caa2,덤벨 로우,등,,NEEDS_REVIEW,,[],[],,,PENDING,NOT_RUN,Single-arm supported versus unsupported row not specified.,,,,,,,,,
2058f26d-3a03-414f-ad3d-11b79cd5d8b7,데드리프트,등,deadlift,DRAFT_READY,"Conventional barbell deadlift from floor, feet hip-width, hands outside knees, hips hinged and back neutral, bar close to shins.","[""barbell""]","[""gluteus maximus"", ""hamstrings""]",GND-004,2,BATCHED,NOT_RUN,,true,0,PASS,,,,,,
5f00e9f0-8b12-4746-b59b-df6e7529f94f,랫풀다운,등,lat_pulldown,DRAFT_READY,"Seated under a high cable pulley, thighs under support pads, hands on a wide bar, pulling bar toward upper chest in front of the head.","[""lat pulldown machine"", ""wide bar""]","[""latissimus dorsi""]",GND-004,3,BATCHED,NOT_RUN,,false,2,FAIL,,,,,,
4eb0f324-780f-4945-a37f-5be3c6f5b585,매달리기,등,dead_hang,DRAFT_READY,"Dead hang from horizontal bar, arms fully extended overhead, feet off floor, not performing a pull-up.","[""pull-up bar""]","[""forearm flexors""]",GND-004,1,BATCHED,NOT_RUN,,true,0,PASS,,,,,,
d0862f4a-f9f1-4411-ad3c-15e904085afc,바벨 로우,등,row,DRAFT_READY,"Standing with hips hinged and knees slightly bent, torso leaning forward about 45 degrees, both hands pulling a BARBELL toward the lower ribs. No bench or machine. Side three-quarter view.","[""barbell""]","[""latissimus dorsi"", ""rhomboids""]",GND-TRIAL-001,8,QA_FAIL,FAIL,,,,,,,,,,
09259ecd-49ae-41e4-9efa-c30edab2a6cd,슈퍼맨 로우,등,row,DRAFT_READY,"Prone on floor with chest slightly raised, arms bent to pull elbows toward ribs, no weights. Use equipment: floor. Full body and equipment visible.","[""floor""]","[""spinal erectors""]",GND-004,6,BATCHED,NOT_RUN,,,,,false,1,PASS,,,
71220804-54f1-4e40-88aa-84663495dc2d,시티드 로우,등,row,DRAFT_READY,"Seated with knees slightly bent, feet on foot plates, torso upright, pulling a low cable handle toward abdomen without leaning back.","[""low cable row machine""]","[""latissimus dorsi"", ""rhomboids""]",GND-004,7,BATCHED,NOT_RUN,,false,1,PASS,,,,,,
64d460a4-f41c-4c95-9beb-a78f2c7d6ea2,인버티드 로우,등,row,DRAFT_READY,"Body straight beneath a fixed low bar, heels on floor, pulling chest up toward bar. Use equipment: fixed horizontal bar. Full body and equipment visible.","[""fixed horizontal bar""]","[""latissimus dorsi""]",GND-004,8,BATCHED,NOT_RUN,,true,0,PASS,,,,,,
b85fb5dd-eb2a-4492-ba93-a68d2bbebec8,친업,등,pull_up,DRAFT_READY,"Pull-up with UNDERHAND palms-facing-body grip, chin above horizontal bar, feet off floor.","[""pull-up bar""]","[""latissimus dorsi"", ""biceps brachii""]",GND-004,4,BATCHED,NOT_RUN,,,,,false,1,PASS,,,
83acbd5d-9359-4619-b359-2013e3d3b402,풀업,등,pull_up,DRAFT_READY,"Hanging from a pull-up bar with overhand grip, lifting chin above bar, feet off floor, back view.","[""pull-up bar""]","[""latissimus dorsi""]",GND-004,5,BATCHED,NOT_RUN,,true,0,PASS,,,,,,
69fe67ed-dbb6-4b5a-8d56-a83ab1d9a726,하이퍼 익스텐션,등,,NEEDS_REVIEW,,[],[],,,PENDING,NOT_RUN,Bench angle and movement range not specified.,,,,,,,,,
07ecbb16-3adf-4ee3-893c-9b3bb12cdd8b,덤벨 Y 레이즈,어깨,shoulder_raise,DRAFT_READY,"Standing torso hinged forward, arms raised diagonally overhead to form a Y, light dumbbell each hand.","[""two dumbbells""]","[""lower trapezius""]",GND-007,1,BATCHED,NOT_RUN,,,,,true,0,PASS,,,
e1c75ef2-12bb-4fce-8435-e617618f1d37,덤벨 레터럴 레이즈,어깨,lateral_raise,DRAFT_READY,"Standing upright, one dumbbell in each hand, lifting arms sideways to shoulder height with slightly bent elbows; weights travel sideways, not forward. Front three-quarter view.","[""two dumbbells""]","[""lateral deltoids""]",GND-TRIAL-001,6,QA_FAIL,FAIL,,,,,,,,,,
33161c50-988e-4654-a3f7-adc6c33bc216,덤벨 숄더 프레스,어깨,,NEEDS_REVIEW,,[],[],,,PENDING,NOT_RUN,Seated versus standing dumbbell press not specified.,,,,,,,,,
7dcb673c-adf7-477a-81bf-6f455d798622,덤벨 슈러그,어깨,shrug,DRAFT_READY,"Standing with arms straight down holding load, elevating shoulders toward ears without bending elbows. Use equipment: two dumbbells. Full body and equipment visible.","[""two dumbbells""]","[""upper trapezius""]",GND-007,6,BATCHED,NOT_RUN,,true,0,PASS,,,,,,
9e88831c-6048-4c71-9236-3ca3bb2e2297,덤벨 업라이트 로우,어깨,upright_row,DRAFT_READY,"Standing, pulling load vertically close to torso with elbows rising out to sides. Use equipment: two dumbbells. Full body and equipment visible.","[""two dumbbells""]","[""deltoids""]",GND-008,1,BATCHED,NOT_RUN,,,,,,,,true,0,PASS
3f4dcd4c-028d-4430-867b-a59f4ab6bf71,덤벨 프론트 레이즈,어깨,front_raise,DRAFT_READY,"Standing, raising load FORWARD to shoulder height with softly bent elbows. Use equipment: two dumbbells. Full body and equipment visible.","[""two dumbbells""]","[""anterior deltoids""]",GND-005,2,BATCHED,NOT_RUN,,true,0,PASS,,,,,,
49edb349-6ce1-4f33-babb-9ab48106fc3d,라잉 Y 레이즈,어깨,shoulder_raise,DRAFT_READY,"Prone on floor, arms diagonally extended overhead in a Y and lifted slightly off floor, no weights.","[""floor""]","[""lower trapezius""]",GND-007,2,BATCHED,NOT_RUN,,,,,,,,,,
1f469c8f-fa82-46f8-a8f1-4e96603c850a,랜드마인 프레스,어깨,,NEEDS_REVIEW,,[],[],,,PENDING,NOT_RUN,One-arm versus two-arm landmine press not specified.,,,,,,,,,
42b87485-31aa-496a-bc2b-4463d74067a5,레터럴 레이즈 머신,어깨,lateral_raise,DRAFT_READY,"Seated in lateral raise machine, upper arms against elbow pads, raising arms sideways toward shoulder height.","[""lateral raise machine""]","[""lateral deltoids""]",GND-005,6,BATCHED,NOT_RUN,,,,,false,1,PASS,,,
b452ccad-10da-4f25-8915-3a9045b51e95,리어 델토이드 플라이 머신,어깨,rear_delt,DRAFT_READY,"Seated facing chest pad of reverse pec deck, hands on handles in front, opening arms sideways backward.","[""reverse pec deck machine""]","[""posterior deltoids""]",GND-006,1,BATCHED,NOT_RUN,,,,,,,,,,
ced2f6b3-a728-42f4-8208-b4f3a5cf2d11,바벨 슈러그,어깨,shrug,DRAFT_READY,"Standing with arms straight down holding load, elevating shoulders toward ears without bending elbows. Use equipment: barbell. Full body and equipment visible.","[""barbell""]","[""upper trapezius""]",GND-007,7,BATCHED,NOT_RUN,,,,,true,0,PASS,,,
14ca58a0-47e4-44e2-9c16-8cd20613a581,벤트오버 덤벨 레터럴 레이즈,어깨,rear_delt,DRAFT_READY,"Hips hinged forward, raising both arms sideways. Use equipment: two dumbbells. Full body and equipment visible.","[""two dumbbells""]","[""posterior deltoids""]",GND-006,2,BATCHED,NOT_RUN,,,,,true,0,PASS,,,
a3390101-d4ed-46a2-8fbb-2205688f1836,비하인드 넥 프레스,어깨,shoulder_press,DRAFT_READY,"Barbell press from behind head, bar near upper trapezius, elbows below wrists, pressing upward. Do not render bar in front of face.","[""barbell""]","[""deltoids""]",GND-006,5,BATCHED,NOT_RUN,,,,,,,,,,
7b7d7326-de3f-4748-ab5c-3c63f991ae63,사이드 레터럴 레이즈,어깨,,NEEDS_REVIEW,,[],[],,,PENDING,NOT_RUN,Dumbbell/cable equipment is unspecified; avoid assuming an alias.,,,,,,,,,
25cdabee-8e91-4dd9-8a36-00bf65ab889d,숄더 탭,어깨,shoulder_tap,DRAFT_READY,"High plank on palms and toes, one hand lifts to touch opposite shoulder while torso remains stable.","[""floor""]","[""rectus abdominis""]",GND-007,5,BATCHED,NOT_RUN,,,,,false,1,PASS,,,
f42e4491-c9fa-4088-9498-d66cc631aa69,숄더프레스,어깨,,NEEDS_REVIEW,,[],[],,,PENDING,NOT_RUN,Catalog name does not specify machine versus free weights.,,,,,,,,,
8b3a47c0-3744-4029-94fa-2736e99df0d9,슈러그 머신,어깨,shrug,DRAFT_READY,"Standing in shrug machine, arms straight at sides holding low handles, elevating shoulders without bending elbows.","[""shrug machine""]","[""upper trapezius""]",GND-007,8,BATCHED,NOT_RUN,,,,,,,,,,
d3c1a643-5452-4f47-af95-c2e2d5374e23,스미스머신 슈러그,어깨,shrug,DRAFT_READY,"Standing within Smith frame, straight arms holding guided bar in front of thighs, shrugging shoulders upward.","[""Smith machine""]","[""upper trapezius""]",GND-007,9,BATCHED,NOT_RUN,,,,,,,,,,
e7bf3724-4afe-4fd3-858b-04fc17ef43dd,스미스머신 오버헤드 프레스,어깨,,NEEDS_REVIEW,,[],[],,,PENDING,NOT_RUN,Specialist equipment/multi-phase movement requires an explicit reviewed definition.,,,,,,,,,
1c56bc55-d633-4725-accd-351b3355eaf9,시티드 덤벨 리어 레터럴 레이즈,어깨,rear_delt,DRAFT_READY,"Seated on a bench, torso hinged forward over thighs, holding two dumbbells and raising arms sideways, emphasizing posterior shoulders.","[""bench"", ""two dumbbells""]","[""posterior deltoids""]",GND-006,3,BATCHED,NOT_RUN,,,,,,,,true,0,PASS
616e417a-8600-41f7-9c98-93ac4f3f68bc,시티드 덤벨 숄더 프레스,어깨,shoulder_press,DRAFT_READY,"Seated upright on a bench with upright back support, feet on floor, pressing TWO DUMBBELLS above shoulders, elbows under wrists. Front three-quarter view.","[""upright bench"", ""two dumbbells""]","[""anterior and lateral deltoids""]",GND-TRIAL-001,7,QA_FAIL,FAIL,,true,0,PASS,,,,,,
8784cfc1-7b5b-4088-8f17-f5115a1adece,시티드 바벨 숄더 프레스,어깨,shoulder_press,DRAFT_READY,"Seated upright on bench, pressing load overhead. Use equipment: barbell, upright bench. Full body and equipment visible.","[""barbell"", ""upright bench""]","[""deltoids""]",GND-006,6,BATCHED,NOT_RUN,,,,,,,,true,0,PASS
5c360aa5-0c6a-4d7a-b6d3-22c8ec34e532,아놀드 덤벨 프레스,어깨,,NEEDS_REVIEW,,[],[],,,PENDING,NOT_RUN,No sufficiently explicit definition available in current specification.,,,,,,,,,
6ba4df00-55a1-4c62-a5a5-a13e7bb4a0de,업라이트 로우,어깨,,NEEDS_REVIEW,,[],[],,,PENDING,NOT_RUN,No sufficiently explicit definition available in current specification.,,,,,,,,,
b8702da2-e5e9-4974-b7d0-f4a8167998f0,오버헤드 프레스,어깨,shoulder_press,DRAFT_READY,"Standing strict barbell overhead press in FRONT of head, feet planted, pressing bar from upper chest overhead with no leg drive.","[""barbell""]","[""anterior and lateral deltoids""]",GND-006,7,BATCHED,NOT_RUN,,false,1,PASS,,,,,,
4de57986-2076-4476-9b01-a8f2c70a6ee0,원암 랜드마인 프레스,어깨,shoulder_press,DRAFT_READY,"Standing, one hand pressing free end of anchored barbell upward and forward along an angled arc. Use equipment: barbell, landmine anchor. Full body and equipment visible.","[""barbell"", ""landmine anchor""]","[""anterior deltoids""]",GND-006,8,BATCHED,NOT_RUN,,,,,,,,true,0,PASS
ee995d50-e96c-4d9b-86fc-d3c56f1f21c8,원암 케이블 레터럴 레이즈,어깨,lateral_raise,DRAFT_READY,"Standing, raising arm sideways to shoulder height. Only one arm works. Cable attached to LOW pulley and handle held in working hand. Use equipment: cable machine, single handle. Full body and equipment visible.","[""cable machine"", ""single handle""]","[""lateral deltoids""]",GND-005,7,BATCHED,NOT_RUN,,,,,,,,,,
4bb6052c-478c-46a2-8329-b62b0aa29a14,이지바 업라이트 로우,어깨,upright_row,DRAFT_READY,"Standing, pulling load vertically close to torso with elbows rising out to sides. Use equipment: EZ curl bar. Full body and equipment visible.","[""EZ curl bar""]","[""deltoids""]",GND-008,2,BATCHED,NOT_RUN,,,,,,,,,,
d693578a-b655-4dd7-b4a7-fd07316464d6,이지바 프론트 레이즈,어깨,front_raise,DRAFT_READY,"Standing, raising load FORWARD to shoulder height with softly bent elbows. Use equipment: EZ curl bar. Full body and equipment visible.","[""EZ curl bar""]","[""anterior deltoids""]",GND-005,3,BATCHED,NOT_RUN,,,,,,,,,,
2bc56eb4-cbf3-4b31-bbbd-75f4baa452f2,케이블 레터럴 레이즈,어깨,lateral_raise,DRAFT_READY,"Standing, raising arm sideways to shoulder height. Cable attached to LOW pulley and handle held in working hand. Use equipment: cable machine, single handle. Full body and equipment visible.","[""cable machine"", ""single handle""]","[""lateral deltoids""]",GND-005,8,BATCHED,NOT_RUN,,,,,,,,true,0,PASS
c91a0c5f-d770-4c3f-a909-3a3fd0cbd813,케이블 리버스 플라이,어깨,rear_delt,DRAFT_READY,"Standing facing two cable columns, crossing opposite handles in front and opening arms sideways at shoulder height.","[""dual cable machine"", ""two handles""]","[""posterior deltoids""]",GND-006,4,BATCHED,NOT_RUN,,,,,,,,true,0,PASS
9afb8dcb-80a2-455a-9ab1-1cc65e99cfd3,케이블 슈러그,어깨,shrug,DRAFT_READY,"Standing with arms straight down holding load, elevating shoulders toward ears without bending elbows. Use equipment: cable machine. Full body and equipment visible.","[""cable machine""]","[""upper trapezius""]",GND-007,10,BATCHED,NOT_RUN,,,,,,,,true,0,PASS
4b6aabd5-e39b-4f28-9451-ad5588489b4b,케이블 익스터널 로테이션,어깨,shoulder_rotation,DRAFT_READY,"Standing beside cable column, working elbow bent 90 degrees against side, rotating forearm OUTWARD away from abdomen.","[""cable machine"", ""single handle""]","[""infraspinatus"", ""teres minor""]",GND-007,3,BATCHED,NOT_RUN,,,,,,,,false,2,FAIL
b823cca3-5545-4b06-8e0d-1786dbb5b2fe,케이블 인터널 로테이션,어깨,shoulder_rotation,DRAFT_READY,"Standing beside cable column, working elbow bent 90 degrees against side, rotating forearm INWARD toward abdomen.","[""cable machine"", ""single handle""]","[""subscapularis""]",GND-007,4,BATCHED,NOT_RUN,,,,,,,,,,
b627c38a-79f9-48bf-9833-35c8c4ff600f,케이블 프론트 레이즈,어깨,front_raise,DRAFT_READY,"Standing, raising load FORWARD to shoulder height with softly bent elbows. Load connected to low pulley. Use equipment: cable machine. Full body and equipment visible.","[""cable machine""]","[""anterior deltoids""]",GND-005,4,BATCHED,NOT_RUN,,,,,true,0,PASS,,,
86d9a7c5-8a05-4af7-974e-350610917fc5,파이크 푸시업,어깨,push_up,DRAFT_READY,"Palms and toes on floor, hips raised in an inverted V, elbows bending to lower head between hands.","[""floor""]","[""anterior deltoids""]",GND-005,9,BATCHED,NOT_RUN,,,,,true,0,PASS,,,
8cc9270d-c335-4d59-b4d9-a265cc5e1c65,페이스풀,어깨,face_pull,DRAFT_READY,"Standing facing a cable machine, holding a rope attachment with both hands, pulling rope ends to either side of the face with elbows elevated.","[""cable machine"", ""rope attachment""]","[""posterior deltoids""]",GND-005,1,BATCHED,NOT_RUN,,true,0,PASS,,,,,,
8ae05401-d085-49ab-a5fd-6c594f020a6d,푸시 프레스,어깨,shoulder_press,DRAFT_READY,"Standing with barbell in front rack, slight knee dip then leg drive to press bar overhead, distinct from strict press.","[""barbell""]","[""deltoids""]",GND-006,9,BATCHED,NOT_RUN,,,,,,,,,,
7dcf3022-91ca-42c8-b257-372a6067696e,플레이트 숄더 프레스,어깨,shoulder_press,DRAFT_READY,"Standing holding ONE weight plate with both hands at chest, pressing plate overhead.","[""weight plate""]","[""deltoids""]",GND-006,10,BATCHED,NOT_RUN,,,,,,,,,,
bdf7c55f-9885-4d16-acd7-df95e63bc44c,핸드스탠드,어깨,handstand,DRAFT_READY,"Inverted handstand with both palms on floor, arms straight, legs together vertically overhead.","[""floor""]","[""deltoids""]",GND-005,5,BATCHED,NOT_RUN,,,,,true,0,PASS,,,
30fffd17-72b8-4fde-95de-3ff62a57ab49,핸드스탠드 푸시업,어깨,push_up,DRAFT_READY,"Inverted handstand with both palms on floor, bending elbows to lower head toward floor, legs vertically overhead.","[""floor""]","[""deltoids""]",GND-005,10,BATCHED,NOT_RUN,,,,,,,,,,
8dcee3fb-2bc4-4639-8c5a-c587cefb394a,걷기,유산소,cardio_walk,DRAFT_READY,"Walking on level ground, one foot in contact with floor, upright body and relaxed alternating arm swing; no treadmill.","[""floor""]","[""quadriceps""]",GND-009,5,BATCHED,NOT_RUN,,,,,true,0,PASS,,,
7f28c50b-fcff-4654-99cb-e9af890ab104,러닝,유산소,cardio_run,DRAFT_READY,"Running on level ground with an unmistakable running stride, bent elbows, no treadmill or machine.","[""floor""]","[""quadriceps""]",GND-009,2,BATCHED,NOT_RUN,,true,0,PASS,,,,,,
5ae60799-7446-4937-b75a-dbd742ea38b8,로잉,유산소,cardio_row,DRAFT_READY,"Seated on a rowing ergometer with feet strapped into foot plates, knees extending, pulling handle to lower ribs; entire rowing machine visible.","[""rowing ergometer""]","[""latissimus dorsi"", ""quadriceps""]",GND-009,1,BATCHED,NOT_RUN,,false,1,PASS,,,,,,
84acc89a-ee72-40a8-8d64-93fcc410904b,사이클,유산소,cardio_bike,DRAFT_READY,"Riding a stationary exercise bicycle, seated on the saddle, feet on pedals, hands on handlebars. Show both wheels or stationary flywheel housing and entire bicycle.","[""stationary exercise bicycle""]","[""quadriceps""]",GND-TRIAL-001,10,QA_FAIL,FAIL,,,,,,,,,,
b0c305d6-338e-400f-9dfd-5ae6efb63d9a,줄넘기,유산소,cardio_skip,DRAFT_READY,"Standing in mid rope skip, holding a rope handle in each hand with a continuous rope arc under feet.","[""jump rope""]","[""gastrocnemius""]",GND-009,3,BATCHED,NOT_RUN,,false,1,PASS,,,,,,
63c19460-6906-442e-9fb9-ed3ddba1c049,트레드밀,유산소,cardio_treadmill,DRAFT_READY,"Running on a motorized treadmill belt, upright body, natural alternating leg stride and bent arms. Entire treadmill is inside the cell.","[""treadmill""]","[""quadriceps""]",GND-009,4,BATCHED,NOT_RUN,,false,1,PASS,,,,,,
68693365-2a34-4dc4-ab91-ddf01435f3e6,45도 사이드 벤드,코어,,NEEDS_REVIEW,,[],[],,,PENDING,NOT_RUN,No sufficiently explicit definition available in current specification.,,,,,,,,,
01c4253d-bc8a-4433-9183-d267470742d8,RKC 플랭크,코어,plank,DRAFT_READY,"Forearm plank with elbows pulling toward toes and glutes squeezed, rigid straight body with feet together.","[""floor""]","[""rectus abdominis""]",GND-012,8,BATCHED,NOT_RUN,,,,,,,,,,
71b9882d-c0d4-4725-92d6-f956996136d9,덤벨 사이드 벤드,코어,side_bend,DRAFT_READY,"Standing upright, holding resistance in one hand at side, bending torso sideways without rotating. Use equipment: one dumbbell. Full body and equipment visible.","[""one dumbbell""]","[""obliques""]",GND-013,3,BATCHED,NOT_RUN,,,,,true,0,PASS,,,
db8e8862-321e-4ecf-b178-15c8848feb7a,데드버그,코어,dead_bug,DRAFT_READY,"Lying on back, one arm extending overhead and opposite leg extending low above floor while other hip and knee remain bent.","[""floor""]","[""rectus abdominis""]",GND-011,10,BATCHED,NOT_RUN,,,,,true,0,PASS,,,
be8d2e74-62fa-4f25-89fe-087412bb045b,디클라인 리버스 크런치,코어,crunch,DRAFT_READY,"Lying on back with knees bent, curling pelvis off support toward chest. Use equipment: decline bench. Full body and equipment visible.","[""decline bench""]","[""rectus abdominis""]",GND-011,1,BATCHED,NOT_RUN,,,,,,,,,,
a11b7914-c1aa-4f32-9bd0-bc66b1a6a488,디클라인 싯업,코어,crunch,DRAFT_READY,"Lying on back, knees bent, flexing torso to raise shoulders. Raise torso toward seated position. On a decline bench with head lower than hips and ankles secured. Use equipment: decline bench. Full body and equipment visible.","[""decline bench""]","[""rectus abdominis""]",GND-011,2,BATCHED,NOT_RUN,,,,,,,,,,
23fbe474-4cb5-475e-86f4-b35be55f572e,디클라인 크런치,코어,crunch,DRAFT_READY,"Lying on back, knees bent, flexing torso to raise shoulders. On a decline bench with head lower than hips and ankles secured. Use equipment: decline bench. Full body and equipment visible.","[""decline bench""]","[""rectus abdominis""]",GND-011,3,BATCHED,NOT_RUN,,,,,,,,,,
edb26b13-e26f-4b6e-925a-cf4dfeda06c2,러시안 트위스트,코어,core_rotation,DRAFT_READY,"Seated on floor with knees bent, torso leaned back, both hands together rotating torso to one side, no external weight.","[""floor""]","[""obliques""]",GND-010,8,BATCHED,NOT_RUN,,true,0,PASS,,,,,,
ae910018-c384-4e47-a2c1-a467a7dd2ee8,레그 레이즈,코어,leg_raise,DRAFT_READY,"Lying on back on floor, both straight legs raised toward vertical, pelvis controlled, no hanging bar.","[""floor""]","[""rectus abdominis""]",GND-012,5,BATCHED,NOT_RUN,,,,,true,0,PASS,,,
4895739b-e114-457d-a94c-09413782fb5f,리버스 크런치,코어,crunch,DRAFT_READY,"Lying on back with knees bent, curling pelvis off support toward chest. Use equipment: floor. Full body and equipment visible.","[""floor""]","[""rectus abdominis""]",GND-011,4,BATCHED,NOT_RUN,,,,,true,0,PASS,,,
4af3f632-e3f7-49b7-a232-86ba82a8e21f,마운틴 클라이머,코어,mountain_climber,DRAFT_READY,"High plank on palms and toes, drawing one knee toward chest with opposite leg extended.","[""floor""]","[""rectus abdominis""]",GND-012,7,BATCHED,NOT_RUN,,true,0,PASS,,,,,,
e11ac1ba-837f-4e3a-b719-71d095ff4c2e,바이시클 크런치,코어,crunch,DRAFT_READY,"Lying on back, shoulder blades lifted, twisting opposite elbow toward bent knee while other leg extends.","[""floor""]","[""obliques""]",GND-011,5,BATCHED,NOT_RUN,,,,,,,,true,0,PASS
ce13b66b-733a-4c07-8a0b-bc6249846671,버드독,코어,bird_dog,DRAFT_READY,"On hands and knees extending one arm forward and opposite leg backward parallel to floor, neutral back.","[""floor""]","[""spinal stabilizers""]",GND-010,1,BATCHED,NOT_RUN,,,,,true,0,PASS,,,
986d2557-1508-44a7-878d-96044656cc90,버피,코어,burpee,DRAFT_READY,"Full sequence squat to hands on floor, feet jump back to push-up then forward and jump upward. Depict push-up phase; one illustration cannot prove full sequence.","[""floor""]","[""pectoralis major"", ""quadriceps""]",GND-010,2,BATCHED,NOT_RUN,,,,,,,,,,
f74f365f-52e1-4033-a1bd-b0c34c7cc5dc,복근 롤아웃,코어,rollout,DRAFT_READY,"Kneeling on floor with both hands gripping an ab wheel, rolling wheel forward while extending hips and arms without arching back.","[""ab wheel""]","[""rectus abdominis""]",GND-013,2,BATCHED,NOT_RUN,,true,0,PASS,,,,,,
3b9ae97c-bc90-4899-8f86-eb19f53773a9,복근 코스터 머신,코어,,NEEDS_REVIEW,,[],[],,,PENDING,NOT_RUN,Specialist equipment/multi-phase movement requires an explicit reviewed definition.,,,,,,,,,
b0877bf9-21a7-4554-ba09-1029d4e013c7,복근 크런치 머신,코어,crunch,DRAFT_READY,"Seated in abdominal crunch machine, torso flexing forward against padded resistance with pelvis stable.","[""abdominal crunch machine""]","[""rectus abdominis""]",GND-011,6,BATCHED,NOT_RUN,,,,,,,,,,
cf62b3f2-3f91-437b-8450-ea128c0888ac,브이 업,코어,v_up,DRAFT_READY,"Balancing on hips, torso and straight legs lifted into a V, hands reaching toward toes.","[""floor""]","[""rectus abdominis""]",GND-013,6,BATCHED,NOT_RUN,,,,,,,,true,0,PASS
02514cb1-d085-4538-b67a-0f199fc3c635,사이드 크런치,코어,,NEEDS_REVIEW,,[],[],,,PENDING,NOT_RUN,Side crunch posture variant not specified.,,,,,,,,,
639ad98b-b4a1-47f7-a382-8dd9e98035b0,사이드 플랭크,코어,plank,DRAFT_READY,"Side plank on one forearm and outer edge of feet, elbow under shoulder, hips lifted, body in a straight line.","[""floor""]","[""obliques""]",GND-012,9,BATCHED,NOT_RUN,,true,0,PASS,,,,,,
41f61b10-8f87-4f3d-8d31-bc4fc0eac08a,시티드 니업,코어,core_flexion,DRAFT_READY,"Seated on bench edge, hands gripping bench, drawing both bent knees toward torso. Use equipment: bench. Full body and equipment visible.","[""bench""]","[""rectus abdominis""]",GND-010,3,BATCHED,NOT_RUN,,,,,,,,,,
943ab2d4-e1a1-48f1-ab0e-93c800722649,싯업,코어,crunch,DRAFT_READY,"Lying on back, knees bent, flexing torso to raise shoulders. Raise torso toward seated position. Use equipment: floor. Full body and equipment visible.","[""floor""]","[""rectus abdominis""]",GND-011,7,BATCHED,NOT_RUN,,,,,,,,,,
8f708419-872e-4406-bfac-89e7f970c7c1,업도미널 힙 쓰러스트,코어,,NEEDS_REVIEW,,[],[],,,PENDING,NOT_RUN,Catalog terminology requires explicit definition.,,,,,,,,,
25ae2a76-f91f-49e6-9f64-56a26619747f,중량 디클라인 싯업,코어,,NEEDS_REVIEW,,[],[],,,PENDING,NOT_RUN,External load position/cable setup not specified.,,,,,,,,,
8cfc41c3-d060-4a6f-9d91-87aa3c998024,중량 디클라인 크런치,코어,,NEEDS_REVIEW,,[],[],,,PENDING,NOT_RUN,External load position/cable setup not specified.,,,,,,,,,
e4c772b6-ac0a-4e11-9413-a5ee1f17f9a5,중량 업도미널 힙 쓰러스트,코어,,NEEDS_REVIEW,,[],[],,,PENDING,NOT_RUN,Catalog terminology requires explicit definition.,,,,,,,,,
30a994a8-4cf3-4905-9c05-cddb3afa9997,캡틴스 체어 니 레이즈,코어,hanging_leg_raise,DRAFT_READY,"Forearms supported on captain chair pads, torso upright, raising bent knees. Use equipment: captains chair. Full body and equipment visible.","[""captains chair""]","[""rectus abdominis""]",GND-012,1,BATCHED,NOT_RUN,,,,,,,,,,
17984d0a-c846-4a09-b35d-9b2cac1ad35c,캣 카우 스트레치,코어,spinal_mobility,DRAFT_READY,"On hands and knees with spine gently rounded upward in cat stretch, shoulders above wrists and hips above knees.","[""floor""]","[""spinal stabilizers""]",GND-013,5,BATCHED,NOT_RUN,,,,,,,,true,0,PASS
0a779a2c-b8a4-43d1-a98a-4c166b0eb33d,케이블 사이드 벤드,코어,side_bend,DRAFT_READY,"Standing upright, holding resistance in one hand at side, bending torso sideways without rotating. Use equipment: low cable pulley, single handle. Full body and equipment visible.","[""low cable pulley"", ""single handle""]","[""obliques""]",GND-013,4,BATCHED,NOT_RUN,,,,,,,,,,
d2f489aa-fe95-4ee6-8b96-514161591f5a,케이블 크런치,코어,crunch,DRAFT_READY,"Kneeling facing high cable pulley, rope beside head, curling torso downward using abdominal flexion.","[""high cable machine"", ""rope""]","[""rectus abdominis""]",GND-011,8,BATCHED,NOT_RUN,,,,,,,,true,0,PASS
a0fd751b-b6c2-407e-b030-ded97a96deb4,케이블 트위스트,코어,core_rotation,DRAFT_READY,"Standing side-on to cable pulley at chest height, hands together gripping handle, rotating torso horizontally.","[""cable machine"", ""handle""]","[""obliques""]",GND-010,9,BATCHED,NOT_RUN,,,,,,,,true,0,PASS
021145a7-de02-4e90-b5a5-c44a1ad5f34b,크런치,코어,crunch,DRAFT_READY,"Lying on back on floor, knees bent and feet planted, lifting shoulder blades slightly off floor without a full sit-up.","[""floor""]","[""rectus abdominis""]",GND-011,9,BATCHED,NOT_RUN,,true,0,PASS,,,,,,
c4878b8f-9736-4931-a1ec-56c985f6653c,터키쉬 겟업,코어,,NEEDS_REVIEW,,[],[],,,PENDING,NOT_RUN,Specialist equipment/multi-phase movement requires an explicit reviewed definition.,,,,,,,,,
c5c92985-c48e-4c84-a8d7-04fcab930906,토르소 로테이션 머신,코어,core_rotation,DRAFT_READY,"Seated with thighs secured in torso rotation machine, torso rotating against padded upper-body support.","[""torso rotation machine""]","[""obliques""]",GND-010,10,BATCHED,NOT_RUN,,,,,,,,,,
85cd5fe7-27e6-4386-a451-a74859dc98af,토즈투 바,코어,hanging_leg_raise,DRAFT_READY,"Hanging from bar, raising both straight legs until toes approach the bar. Use equipment: pull-up bar. Full body and equipment visible.","[""pull-up bar""]","[""rectus abdominis""]",GND-012,2,BATCHED,NOT_RUN,,,,,,,,,,
0780c074-69d7-4d25-9a09-c6af6ec757e5,플랭크,코어,plank,DRAFT_READY,"Forearms and toes on floor, elbows beneath shoulders, body straight and parallel to floor, holding position.","[""floor""]","[""rectus abdominis""]",GND-012,10,BATCHED,NOT_RUN,,true,0,PASS,,,,,,
078b9e1c-6b0a-4591-98f5-d75ddcf99be5,플랭크 트위스트,코어,plank,DRAFT_READY,"Forearm plank, rotating hips toward one side while elbows stay on floor.","[""floor""]","[""obliques""]",GND-013,1,BATCHED,NOT_RUN,,,,,,,,,,
47e6ccc0-e87f-4645-b44a-634678e99fbd,플러터 킥,코어,leg_raise,DRAFT_READY,"Lying on back, straight legs alternating small up-down movements above floor.","[""floor""]","[""rectus abdominis""]",GND-012,6,BATCHED,NOT_RUN,,,,,,,,,,
d2010613-2257-4ef6-9063-2e7d00ec608d,필라테스 잭나이프,코어,core_flexion,DRAFT_READY,"Lying on back, both straight legs raised vertically, lifting pelvis off mat with arms pressed to floor.","[""floor""]","[""rectus abdominis""]",GND-010,4,BATCHED,NOT_RUN,,,,,,,,,,
99c9282a-0f22-49ce-a8f9-314dfc24ba6a,할로우 락,코어,core_flexion,DRAFT_READY,"Hollow-body hold on back with extended arms and legs, rocking gently as one rigid shape. Use equipment: floor. Full body and equipment visible.","[""floor""]","[""rectus abdominis""]",GND-010,5,BATCHED,NOT_RUN,,,,,,,,,,
1565a3d5-7bfa-438d-af7c-cf577d8af599,할로우 포지션,코어,core_flexion,DRAFT_READY,"Lying on back with lower back pressed to floor, straight arms overhead and straight legs raised slightly off floor. Use equipment: floor. Full body and equipment visible.","[""floor""]","[""rectus abdominis""]",GND-010,6,BATCHED,NOT_RUN,,,,,,,,,,
db480bba-6629-4db8-9592-09acd0bdc022,행잉 니 레이즈,코어,hanging_leg_raise,DRAFT_READY,"Hanging from horizontal bar, raising bent knees toward chest. Use equipment: pull-up bar. Full body and equipment visible.","[""pull-up bar""]","[""rectus abdominis""]",GND-012,3,BATCHED,NOT_RUN,,,,,,,,true,0,PASS
33403b43-b80a-4822-bcf7-c13dad0daf72,행잉 레그 레이즈,코어,hanging_leg_raise,DRAFT_READY,"Hanging from horizontal bar, raising straight legs forward. Use equipment: pull-up bar. Full body and equipment visible.","[""pull-up bar""]","[""rectus abdominis""]",GND-012,4,BATCHED,NOT_RUN,,,,,,,,,,
fc1c62be-1510-4d36-8a92-d89c15167456,힐 터치,코어,core_flexion,DRAFT_READY,"Lying on back with knees bent and shoulder blades lifted, reaching one hand sideways toward same-side heel. Use equipment: floor. Full body and equipment visible.","[""floor""]","[""rectus abdominis""]",GND-010,7,BATCHED,NOT_RUN,,,,,,,,,,
32c20403-dc94-454c-b8aa-13a5f74f59ec,덤벨 라잉 트라이셉 익스텐션,팔,triceps_extension,DRAFT_READY,"Lying on flat bench, upper arms vertical, bending elbows to lower load toward forehead then extending elbows. Use equipment: two dumbbells, flat bench. Full body and equipment visible.","[""two dumbbells"", ""flat bench""]","[""triceps brachii""]",GND-017,1,BATCHED,NOT_RUN,,,,,,,,false,1,PASS
009cd78f-d2b1-4b5e-8a8a-1828019cef84,덤벨 리스트 라디얼 플렉션,팔,,NEEDS_REVIEW,,[],[],,,PENDING,NOT_RUN,Specialist equipment/multi-phase movement requires an explicit reviewed definition.,,,,,,,,,
ebf248bd-6f6c-4046-a320-231fba344937,덤벨 리스트 수피네이션,팔,,NEEDS_REVIEW,,[],[],,,PENDING,NOT_RUN,Specialist equipment/multi-phase movement requires an explicit reviewed definition.,,,,,,,,,
60e98517-335b-49b4-9c26-92fb33816391,덤벨 리스트 컬,팔,wrist_curl,DRAFT_READY,"Seated with forearms supported on thighs, only wrists curling load upward. Palms up. Use equipment: two dumbbells, bench. Full body and equipment visible.","[""two dumbbells"", ""bench""]","[""forearm flexors""]",GND-018,6,BATCHED,NOT_RUN,,,,,true,0,PASS,,,
13c36ce9-c80b-498a-b201-34910a157da2,덤벨 스컬 크러셔,팔,biceps_curl,DRAFT_READY,"Standing, elbows beside ribs, bending elbows to curl load upward. Palms face upward. Use equipment: two dumbbells. Full body and equipment visible.","[""two dumbbells""]","[""biceps brachii""]",GND-014,3,BATCHED,NOT_RUN,,,,,,,,,,
1fbc7045-1bcc-4d85-80ce-c5506a66d973,덤벨 스파이더 컬,팔,biceps_curl,DRAFT_READY,"Prone chest supported on incline bench, upper arms hanging vertically, curling load with palms up. Use two dumbbells.","[""two dumbbells"", ""incline bench""]","[""biceps brachii""]",GND-014,4,BATCHED,NOT_RUN,,,,,,,,,,
efd3c05b-ddec-481b-bbdf-238b71a57cbb,덤벨 인클라인 킥백,팔,triceps_extension,DRAFT_READY,"Chest supported face-down on incline bench, upper arms beside torso, extending elbows backward. Use equipment: two dumbbells, incline bench. Full body and equipment visible.","[""two dumbbells"", ""incline bench""]","[""triceps brachii""]",GND-017,2,BATCHED,NOT_RUN,,,,,,,,,,
1b556520-526d-4a06-9a9b-deec7cd05841,덤벨 컬,팔,biceps_curl,DRAFT_READY,"Standing, elbows close to ribs, palms up, curling two dumbbells toward shoulders.","[""two dumbbells""]","[""biceps brachii""]",GND-014,5,BATCHED,NOT_RUN,,true,0,PASS,,,,,,
0a1e5d29-2712-4afb-8083-1035af2c21ce,덤벨 킥백,팔,triceps_extension,DRAFT_READY,"Torso hinged forward, upper arms along torso, extending elbows backward with dumbbells. Use equipment: two dumbbells. Full body and equipment visible.","[""two dumbbells""]","[""triceps brachii""]",GND-017,3,BATCHED,NOT_RUN,,true,0,PASS,,,,,,
9bd0fad6-ae6a-4299-9861-88e975f0304d,덤벨 트라이셉 익스텐션,팔,,NEEDS_REVIEW,,[],[],,,PENDING,NOT_RUN,Overhead versus lying triceps extension not specified.,,,,,,,,,
de75ab09-2e8f-4be8-b9ae-8bb675fedcbf,덤벨 프리처 해머 컬,팔,biceps_curl,DRAFT_READY,"Seated on preacher bench, upper arms supported on angled pad, curling dumbbells with thumbs-up neutral grip.","[""two dumbbells"", ""preacher bench""]","[""brachialis"", ""brachioradialis""]",GND-014,6,BATCHED,NOT_RUN,,,,,,,,,,
7d3c1850-d4b6-42d2-8bf8-41c7093fbd31,덤벨 프리쳐 컬,팔,biceps_curl,DRAFT_READY,"Seated, upper arms supported on angled preacher pad, elbows flexing to curl load. Use two dumbbells.","[""two dumbbells"", ""preacher bench""]","[""biceps brachii""]",GND-014,7,BATCHED,NOT_RUN,,,,,,,,true,0,PASS
e8f0c354-f481-41f3-b32b-ad11b37a5abe,덤벨 해머 컬,팔,biceps_curl,DRAFT_READY,"Standing, elbows beside ribs, curling two dumbbells with neutral thumb-up grip maintained throughout.","[""two dumbbells""]","[""brachialis"", ""brachioradialis""]",GND-014,8,BATCHED,NOT_RUN,,true,0,PASS,,,,,,
efab18a7-7ffe-495a-97b3-261b1c41c607,리버스 덤벨 리스트 컬,팔,wrist_curl,DRAFT_READY,"Seated with forearms supported on thighs, only wrists curling load upward. Palms down, wrists extending upward. Use equipment: two dumbbells, bench. Full body and equipment visible.","[""two dumbbells"", ""bench""]","[""forearm extensors""]",GND-018,7,BATCHED,NOT_RUN,,,,,true,0,PASS,,,
963dbb03-8804-4353-b0de-e56b80826693,리버스 덤벨 컬,팔,biceps_curl,DRAFT_READY,"Standing, elbows beside ribs, bending elbows to curl load upward. Palms-down grip maintained. Use equipment: two dumbbells. Full body and equipment visible.","[""two dumbbells""]","[""brachioradialis""]",GND-014,9,BATCHED,NOT_RUN,,,,,,,,,,
817e92ba-4498-4b0e-99f4-378543b1e651,리버스 바벨 리스트 컬,팔,wrist_curl,DRAFT_READY,"Seated with forearms supported on thighs, only wrists curling load upward. Palms down, wrists extending upward. Use equipment: barbell, bench. Full body and equipment visible.","[""barbell"", ""bench""]","[""forearm extensors""]",GND-018,8,BATCHED,NOT_RUN,,,,,,,,,,
b2f1e508-fcbf-4e70-8e53-23c1c0bcaf30,리버스 바벨 컬,팔,biceps_curl,DRAFT_READY,"Standing, elbows beside ribs, bending elbows to curl load upward. Palms-down grip maintained. Use equipment: barbell. Full body and equipment visible.","[""barbell""]","[""brachioradialis""]",GND-014,10,BATCHED,NOT_RUN,,,,,,,,,,
5601e654-b439-4776-8143-c2b5fa9b257e,리버스 이지바 리스트 컬,팔,wrist_curl,DRAFT_READY,"Seated with forearms supported on thighs, only wrists curling load upward. Palms down, wrists extending upward. Use equipment: EZ curl bar, bench. Full body and equipment visible.","[""EZ curl bar"", ""bench""]","[""forearm extensors""]",GND-018,9,BATCHED,NOT_RUN,,,,,,,,,,
3d59b2dd-a9f7-40d4-8d55-349aafa92c0b,리버스 이지바 컬,팔,biceps_curl,DRAFT_READY,"Standing, elbows beside ribs, bending elbows to curl load upward. Palms-down grip maintained. Use equipment: EZ curl bar. Full body and equipment visible.","[""EZ curl bar""]","[""brachioradialis""]",GND-015,1,BATCHED,NOT_RUN,,,,,,,,,,
173e8566-0464-443b-89d0-4b50e001aec5,리버스그립 푸시업,팔,push_up,DRAFT_READY,"Floor push-up with hands rotated so fingers point toward feet, straight body. Use equipment: floor. Full body and equipment visible.","[""floor""]","[""pectoralis major""]",GND-016,10,BATCHED,NOT_RUN,,,,,,,,,,
f6d55308-f5d4-40e0-acfe-05a6fbad3b2a,리스트 롤러,팔,wrist,DRAFT_READY,"Standing arms forward, both hands holding wrist roller handle with rope and hanging weight, rotating wrists to wind rope.","[""wrist roller"", ""hanging weight""]","[""forearm flexors""]",GND-018,5,BATCHED,NOT_RUN,,,,,,,,false,2,FAIL
66b61000-4245-43de-a591-be97cd5d440d,바벨 JM 프레스,팔,,NEEDS_REVIEW,,[],[],,,PENDING,NOT_RUN,Specialist equipment/multi-phase movement requires an explicit reviewed definition.,,,,,,,,,
a1cd1dc9-5b53-4f38-b917-d0713e0424a1,바벨 라잉 트라이셉 익스텐션,팔,triceps_extension,DRAFT_READY,"Lying on flat bench, upper arms vertical, bending elbows to lower load toward forehead then extending elbows. Use equipment: barbell, flat bench. Full body and equipment visible.","[""barbell"", ""flat bench""]","[""triceps brachii""]",GND-017,4,BATCHED,NOT_RUN,,,,,,,,false,1,PASS
187292d3-3b5b-49fd-a113-f255686cebe1,바벨 리스트 컬,팔,wrist_curl,DRAFT_READY,"Seated with forearms supported on thighs, only wrists curling load upward. Palms up. Use equipment: barbell, bench. Full body and equipment visible.","[""barbell"", ""bench""]","[""forearm flexors""]",GND-018,10,BATCHED,NOT_RUN,,,,,,,,true,0,PASS
0a41caea-d901-4528-8227-2aa2ddf33b14,바벨 스파이더 컬,팔,biceps_curl,DRAFT_READY,"Prone chest supported on incline bench, upper arms hanging vertically, curling load with palms up. Use barbell.","[""barbell"", ""incline bench""]","[""biceps brachii""]",GND-015,2,BATCHED,NOT_RUN,,,,,,,,,,
fed25eab-0208-4899-9282-81a71d73c172,바벨 컬,팔,biceps_curl,DRAFT_READY,"Standing, elbows beside ribs, bending elbows to curl load upward. Palms face upward. Use equipment: barbell. Full body and equipment visible.","[""barbell""]","[""biceps brachii""]",GND-015,3,BATCHED,NOT_RUN,,true,0,PASS,,,,,,
a6e5d1b5-d82f-4fbb-ba74-9afcc5a54f3c,바벨 프리쳐 컬,팔,biceps_curl,DRAFT_READY,"Seated, upper arms supported on angled preacher pad, elbows flexing to curl load. Use barbell.","[""barbell"", ""preacher bench""]","[""biceps brachii""]",GND-015,4,BATCHED,NOT_RUN,,,,,,,,,,
31513de3-f888-49e3-9ce6-86a9eb2db005,바이셉 컬 머신,팔,biceps_curl,DRAFT_READY,"Seated in biceps curl machine, upper arms supported on preacher pad, curling machine handles upward.","[""biceps curl machine""]","[""biceps brachii""]",GND-015,5,BATCHED,NOT_RUN,,,,,,,,,,
237b62da-06ea-47d4-896c-c08d57f0c4f9,벤치 딥스,팔,dip,DRAFT_READY,"Hands on edge of a bench behind hips, feet on floor in front, lowering hips in front of bench by bending elbows.","[""flat bench""]","[""triceps brachii""]",GND-016,8,BATCHED,NOT_RUN,,,,,true,0,PASS,,,
2830b3e7-6aba-40bb-9a44-dc6569d4901c,비하인드 백 리스트 컬,팔,,NEEDS_REVIEW,,[],[],,,PENDING,NOT_RUN,No sufficiently explicit definition available in current specification.,,,,,,,,,
779bc503-21c4-46e2-8a6f-715e8ecb2a9a,스미스머신 JM 프레스,팔,,NEEDS_REVIEW,,[],[],,,PENDING,NOT_RUN,Specialist equipment/multi-phase movement requires an explicit reviewed definition.,,,,,,,,,
dbf1346d-609b-44cd-a3e4-f98caa874cff,스컬 크러셔,팔,,NEEDS_REVIEW,,[],[],,,PENDING,NOT_RUN,Bar type not specified.,,,,,,,,,
607c7fc6-7fbf-48db-9a43-c9982447e72f,시티드 덤벨 컬,팔,biceps_curl,DRAFT_READY,"Seated upright on bench, elbows beside ribs, curling load upward. Palms face upward. Use equipment: two dumbbells, bench. Full body and equipment visible.","[""two dumbbells"", ""bench""]","[""biceps brachii""]",GND-015,6,BATCHED,NOT_RUN,,,,,,,,,,
8ce3a381-c45d-4849-a0f6-58e479322558,시티드 덤벨 트라이셉 익스텐션,팔,triceps_extension,DRAFT_READY,"Seated on upright bench, upper arms overhead, extending elbows to raise load. Use equipment: two dumbbells, upright bench. Full body and equipment visible.","[""two dumbbells"", ""upright bench""]","[""triceps brachii""]",GND-017,5,BATCHED,NOT_RUN,,,,,false,1,PASS,,,
b62f5018-f2af-42a6-844d-5a6862654eba,시티드 덤벨 해머 컬,팔,biceps_curl,DRAFT_READY,"Seated upright on bench, elbows beside ribs, curling load upward. Neutral thumbs-up grip maintained. Use equipment: two dumbbells, bench. Full body and equipment visible.","[""two dumbbells"", ""bench""]","[""brachialis"", ""brachioradialis""]",GND-015,7,BATCHED,NOT_RUN,,,,,,,,,,
0fd789d0-bc9c-44f9-b146-14933a7a6143,시티드 바벨 트라이셉 익스텐션,팔,triceps_extension,DRAFT_READY,"Seated on upright bench, upper arms overhead, extending elbows to raise load. Use equipment: barbell, upright bench. Full body and equipment visible.","[""barbell"", ""upright bench""]","[""triceps brachii""]",GND-017,6,BATCHED,NOT_RUN,,,,,,,,,,
d0d07a10-dffb-4b78-a724-01835fa347a3,악력기,팔,grip,DRAFT_READY,One hand squeezing a spring hand gripper between palm and fingers; show entire athlete and close clear gripper at chest height.,"[""spring hand gripper""]","[""forearm flexors""]",GND-016,9,BATCHED,NOT_RUN,,,,,true,0,PASS,,,
2c847ee6-adad-4c1c-9059-9cebe0663a06,암 컬 머신,팔,,NEEDS_REVIEW,,[],[],,,PENDING,NOT_RUN,Machine geometry and arm support not specified.,,,,,,,,,
dea597dc-6214-462e-8e43-f4f86b6f9b82,원암 덤벨 리스트 컬,팔,wrist_curl,DRAFT_READY,"Seated with forearms supported on thighs, only wrists curling load upward. Palms up. Only one wrist works. Use equipment: one dumbbell, bench. Full body and equipment visible.","[""one dumbbell"", ""bench""]","[""forearm flexors""]",GND-019,1,BATCHED,NOT_RUN,,,,,,,,,,
bb2eba45-853d-4f0f-99bb-04c6a07978ef,원암 덤벨 컬,팔,biceps_curl,DRAFT_READY,"Standing, elbows beside ribs, bending elbows to curl load upward. Palms face upward. Only ONE arm performs curl. Use equipment: one dumbbell. Full body and equipment visible.","[""one dumbbell""]","[""biceps brachii""]",GND-015,8,BATCHED,NOT_RUN,,,,,,,,,,
4931688a-e4e6-46cf-a0dd-ae30f297d711,원암 덤벨 해머 컬,팔,biceps_curl,DRAFT_READY,"Standing, elbows beside ribs, bending elbows to curl load upward. Neutral thumbs-up grip maintained. Only ONE arm performs curl. Use equipment: one dumbbell. Full body and equipment visible.","[""one dumbbell""]","[""brachialis"", ""brachioradialis""]",GND-015,9,BATCHED,NOT_RUN,,,,,,,,,,
62bf15d9-5f1b-48f0-8078-f25bd7dc7c3b,이지바 라잉 트라이셉 익스텐션,팔,triceps_extension,DRAFT_READY,"Lying on flat bench, upper arms vertical, bending elbows to lower load toward forehead then extending elbows. Use equipment: EZ curl bar, flat bench. Full body and equipment visible.","[""EZ curl bar"", ""flat bench""]","[""triceps brachii""]",GND-017,7,BATCHED,NOT_RUN,,,,,,,,,,
a84db3a2-30f3-4fc1-a335-4ed2e5efd050,이지바 리스트 컬,팔,wrist_curl,DRAFT_READY,"Seated with forearms supported on thighs, only wrists curling load upward. Palms up. Use equipment: EZ curl bar, bench. Full body and equipment visible.","[""EZ curl bar"", ""bench""]","[""forearm flexors""]",GND-019,2,BATCHED,NOT_RUN,,,,,,,,,,
35d04434-c41b-4860-97de-7036f2a754db,이지바 비하인드 백 리스트 컬,팔,wrist_curl,DRAFT_READY,"Standing, holding load behind hips with straight arms, curling wrists only. Use equipment: EZ curl bar. Full body and equipment visible.","[""EZ curl bar""]","[""forearm flexors""]",GND-019,3,BATCHED,NOT_RUN,,,,,,,,,,
0216e833-34b5-4a93-a6c0-45f061e35ccd,이지바 스파이더 컬,팔,biceps_curl,DRAFT_READY,"Prone chest supported on incline bench, upper arms hanging vertically, curling load with palms up. Use EZ curl bar.","[""EZ curl bar"", ""incline bench""]","[""biceps brachii""]",GND-015,10,BATCHED,NOT_RUN,,,,,,,,,,
77a4e6bc-5cbb-4d27-bbe9-f460e70f157d,이지바 컬,팔,biceps_curl,DRAFT_READY,"Standing, elbows beside ribs, bending elbows to curl load upward. Palms face upward. Use equipment: EZ curl bar. Full body and equipment visible.","[""EZ curl bar""]","[""biceps brachii""]",GND-016,1,BATCHED,NOT_RUN,,,,,true,0,PASS,,,
e7b5bfba-f128-4404-9898-6e34cd2859fe,이지바 트라이셉 익스텐션,팔,,NEEDS_REVIEW,,[],[],,,PENDING,NOT_RUN,Overhead versus lying triceps extension not specified.,,,,,,,,,
3329915a-10e1-436a-ab3d-4f9aeb753498,이지바 프리쳐 컬,팔,biceps_curl,DRAFT_READY,"Seated, upper arms supported on angled preacher pad, elbows flexing to curl load. Use EZ curl bar.","[""EZ curl bar"", ""preacher bench""]","[""biceps brachii""]",GND-016,2,BATCHED,NOT_RUN,,,,,,,,,,
dbf925f6-aaa5-4423-9de7-74b608bc39a5,인클라인 덤벨 컬,팔,biceps_curl,DRAFT_READY,"Seated reclined on incline bench, upper arms hanging down, curling dumbbells. Palms face upward. Use equipment: two dumbbells, incline bench. Full body and equipment visible.","[""two dumbbells"", ""incline bench""]","[""biceps brachii""]",GND-016,3,BATCHED,NOT_RUN,,,,,,,,true,0,PASS
4b9ef3ce-5ece-4b25-8702-e206d056ceee,인클라인 덤벨 해머 컬,팔,biceps_curl,DRAFT_READY,"Seated reclined on incline bench, upper arms hanging down, curling dumbbells. Neutral thumbs-up grip maintained. Use equipment: two dumbbells, incline bench. Full body and equipment visible.","[""two dumbbells"", ""incline bench""]","[""brachialis"", ""brachioradialis""]",GND-016,4,BATCHED,NOT_RUN,,,,,,,,,,
c42a14c1-fd6b-4e23-ba6f-6ee218ddc8da,컨센트레이션 컬,팔,biceps_curl,DRAFT_READY,"Seated leaning forward, working upper arm braced against inner thigh, curling ONE dumbbell toward shoulder.","[""bench"", ""one dumbbell""]","[""biceps brachii""]",GND-016,5,BATCHED,NOT_RUN,,,,,true,0,PASS,,,
7cf98bfd-6eb2-4162-8f49-4de59fa30672,케이블 라잉 트라이셉 익스텐션,팔,triceps_extension,DRAFT_READY,"Lying on flat bench with low pulley behind head, upper arms vertical, extending elbows holding cable bar.","[""low cable machine"", ""flat bench"", ""bar attachment""]","[""triceps brachii""]",GND-017,8,BATCHED,NOT_RUN,,,,,,,,,,
11905ce1-70e4-4556-a0c6-015e448a7b75,케이블 로프 푸시 다운,팔,triceps_extension,DRAFT_READY,"Standing facing HIGH cable, elbows fixed at sides, extending elbows to push attachment downward. Use equipment: high cable machine, rope attachment. Full body and equipment visible.","[""high cable machine"", ""rope attachment""]","[""triceps brachii""]",GND-017,9,BATCHED,NOT_RUN,,,,,true,0,PASS,,,
6789fea8-244f-458a-8ddb-5a4307751140,케이블 스트레치 컬,팔,,NEEDS_REVIEW,,[],[],,,PENDING,NOT_RUN,Preacher/support/cable arrangement needs explicit definition.,,,,,,,,,
db8accfa-7bba-4e73-88f7-ef6beb3fe83a,케이블 오버헤드 트라이셉 익스텐션,팔,triceps_extension,DRAFT_READY,"Standing facing away from low cable pulley, rope overhead behind head, extending elbows while upper arms stay overhead.","[""low cable machine"", ""rope""]","[""triceps brachii""]",GND-017,10,BATCHED,NOT_RUN,,,,,,,,,,
37a2f9cb-7111-4105-8255-9f27049bff42,케이블 이지바 푸시 다운,팔,triceps_extension,DRAFT_READY,"Standing facing HIGH cable, elbows fixed at sides, extending elbows to push attachment downward. Use equipment: high cable machine, EZ bar attachment. Full body and equipment visible.","[""high cable machine"", ""EZ bar attachment""]","[""triceps brachii""]",GND-018,1,BATCHED,NOT_RUN,,,,,,,,,,
e947a048-e5e7-4b91-a209-bf06f2dcfe32,케이블 크로스 트라이셉 익스텐션,팔,,NEEDS_REVIEW,,[],[],,,PENDING,NOT_RUN,Overhead versus lying triceps extension not specified.,,,,,,,,,
af467ef3-388f-4010-96b4-1683337e7020,케이블 트라이셉 익스텐션,팔,,NEEDS_REVIEW,,[],[],,,PENDING,NOT_RUN,Overhead versus lying triceps extension not specified.,,,,,,,,,
d40e1e72-997f-47e0-a14f-5caed643bc10,케이블 푸시다운,팔,triceps_extension,DRAFT_READY,"Standing facing high cable pulley, elbows kept at sides, pressing a straight cable bar downward by extending elbows.","[""high cable machine"", ""straight bar attachment""]","[""triceps brachii""]",GND-018,2,BATCHED,NOT_RUN,,false,1,PASS,,,,,,
916b99cc-7329-4e1d-bd4d-e4a9ef61fb98,케이블 해머컬,팔,biceps_curl,DRAFT_READY,"Standing facing LOW pulley, holding rope with neutral thumbs-up grip, elbows by ribs, curling upward.","[""low cable machine"", ""rope""]","[""brachialis"", ""brachioradialis""]",GND-016,6,BATCHED,NOT_RUN,,,,,,,,false,1,PASS
1bb7dd06-0b58-4a60-8a5f-dce07d91c664,클로즈 그립 벤치프레스,팔,bench_press,DRAFT_READY,Flat barbell bench press with hands close together near shoulder width and elbows kept near torso.,"[""barbell"", ""flat bench""]","[""triceps brachii""]",GND-014,1,BATCHED,NOT_RUN,,,,,,,,,,
4d583651-c1f8-476f-95c5-27633d7a8618,클로즈그립 스미스머신 벤치프레스,팔,bench_press,DRAFT_READY,"Flat bench inside Smith machine, narrow grip on guided bar, extending elbows over chest.","[""Smith machine"", ""flat bench""]","[""triceps brachii""]",GND-014,2,BATCHED,NOT_RUN,,,,,,,,,,
922536e6-b837-41b2-8be5-d6d573834a50,트라이셉 익스텐션 머신,팔,triceps_extension,DRAFT_READY,"Seated in triceps extension machine, upper arms supported on pad, extending elbows against lever handles.","[""triceps extension machine""]","[""triceps brachii""]",GND-018,3,BATCHED,NOT_RUN,,,,,,,,,,
d2df5917-0678-434b-bd2f-d0a20216cd46,트라이셉 프레스 머신,팔,triceps_extension,DRAFT_READY,"Seated upright in triceps press machine, pushing handles beside hips downward through elbow extension.","[""triceps press machine""]","[""triceps brachii""]",GND-018,4,BATCHED,NOT_RUN,,,,,,,,,,
d1ad82b1-fe7f-485d-a9d1-a5e42bdf6eff,프리쳐 컬 머신,팔,biceps_curl,DRAFT_READY,"Seated with upper arms resting on angled preacher pad, bending elbows against machine lever handles.","[""preacher curl machine""]","[""biceps brachii""]",GND-016,7,BATCHED,NOT_RUN,,,,,,,,,,
7669d541-f446-4887-bbd9-f5c0fbd7bbf1,글루트 브릿지,하체,hip_bridge,DRAFT_READY,"Lying on back on floor, knees bent, feet planted, lifting hips without a bench.","[""floor""]","[""gluteus maximus""]",GND-022,10,BATCHED,NOT_RUN,,,,,,,,,,
35ca6b8b-57ff-47f5-acda-5db7d39995e7,글루트 킥백 머신,하체,hip_extension,DRAFT_READY,"Torso supported by machine chest pad, one foot pressing rear lever backward through hip extension.","[""glute kickback machine""]","[""gluteus maximus""]",GND-023,3,BATCHED,NOT_RUN,,,,,,,,true,0,PASS
c8547ce4-907f-4016-9c4c-0325d285c244,글루트 햄 레이즈,하체,,NEEDS_REVIEW,,[],[],,,PENDING,NOT_RUN,No sufficiently explicit definition available in current specification.,,,,,,,,,
4342ad12-e150-4159-814f-005ac5841d7f,노르딕 햄스트링 컬,하체,leg_curl,DRAFT_READY,"Kneeling with ankles secured, torso and thighs straight, lowering entire body forward by extending knees without bending hips.","[""ankle restraint"", ""floor""]","[""hamstrings""]",GND-023,10,BATCHED,NOT_RUN,,,,,,,,,,
34ad9d6d-82d1-45c8-a493-148462097bde,덤벨 고블릿 스쿼트,하체,squat,DRAFT_READY,"Both feet planted, bending knees and hips with neutral spine. One weight held with both hands at chest. Use equipment: two dumbbells. Full body and equipment visible.","[""two dumbbells""]","[""quadriceps"", ""gluteus maximus""]",GND-026,6,BATCHED,NOT_RUN,,,,,true,0,PASS,,,
63c9cf92-80bd-4d62-9c10-4b442bd44689,덤벨 런지,하체,lunge,DRAFT_READY,"Split stance, lowering rear knee toward floor with front foot planted. Step forward into the lunge. Use equipment: two dumbbells. Full body and equipment visible.","[""two dumbbells""]","[""quadriceps"", ""gluteus maximus""]",GND-024,8,BATCHED,NOT_RUN,,,,,,,,,,
ae3400f7-edec-4123-aac6-bfc14120612f,덤벨 레그 컬,하체,leg_curl,DRAFT_READY,"Prone on flat bench, ONE dumbbell secured between feet, bending knees to bring heels upward.","[""flat bench"", ""one dumbbell""]","[""hamstrings""]",GND-024,1,BATCHED,NOT_RUN,,,,,,,,,,
50f60c1b-db40-46c3-afe5-efd22eeeca89,덤벨 레터럴 런지,하체,lunge,DRAFT_READY,"Wide lateral step, bending stepping-leg knee while other leg remains straight. Use equipment: two dumbbells. Full body and equipment visible.","[""two dumbbells""]","[""quadriceps"", ""gluteus maximus""]",GND-024,9,BATCHED,NOT_RUN,,,,,,,,,,
6c1dd5d1-aacf-4983-a104-d5d74217b171,덤벨 루마니안 데드리프트,하체,deadlift,DRAFT_READY,"Standing hip hinge, neutral back, lowering load close to legs and extending hips. Romanian version: softly bent knees, hips move backward, load remains off floor. Use equipment: two dumbbells. Full body and equipment visible.","[""two dumbbells""]","[""gluteus maximus"", ""hamstrings""]",GND-020,7,BATCHED,NOT_RUN,,,,,,,,,,
0422cd3e-2c03-4aaa-aa1f-d1eda7199b0e,덤벨 불가리안 스플릿 스쿼트,하체,lunge,DRAFT_READY,"Stationary split stance, both feet remain planted, bending front and rear knees. Rear foot elevated on bench. Use equipment: two dumbbells, bench. Full body and equipment visible.","[""two dumbbells"", ""bench""]","[""quadriceps"", ""gluteus maximus""]",GND-024,10,BATCHED,NOT_RUN,,,,,,,,true,0,PASS
2b8cd968-c224-4851-888d-6f7a39debd57,덤벨 스모 데드리프트,하체,deadlift,DRAFT_READY,"Standing hip hinge, neutral back, lowering load close to legs and extending hips. Sumo stance: very wide feet and hands inside knees. Use equipment: two dumbbells. Full body and equipment visible.","[""two dumbbells""]","[""gluteus maximus"", ""hamstrings""]",GND-020,8,BATCHED,NOT_RUN,,,,,,,,,,
502a19a7-20c5-4432-b25b-6bbcc66390e5,덤벨 스모 스쿼트,하체,squat,DRAFT_READY,"Both feet planted, bending knees and hips with neutral spine. One dumbbell in each hand at sides. Wide stance, toes angled outward. Use equipment: two dumbbells. Full body and equipment visible.","[""two dumbbells""]","[""quadriceps"", ""gluteus maximus""]",GND-026,7,BATCHED,NOT_RUN,,,,,,,,,,
13a1addf-3649-46c8-bef1-a19cc45870a9,덤벨 스쿼트,하체,squat,DRAFT_READY,"Both feet planted, bending knees and hips with neutral spine. One dumbbell in each hand at sides. Use equipment: two dumbbells. Full body and equipment visible.","[""two dumbbells""]","[""quadriceps"", ""gluteus maximus""]",GND-026,8,BATCHED,NOT_RUN,,,,,,,,,,
689a7a84-48f6-4ce4-be16-7dbb94b9ada3,덤벨 스탠딩 카프 레이즈,하체,calf_raise,DRAFT_READY,"Standing with knees straight, rising onto balls of feet by lifting heels. Use equipment: two dumbbells. Full body and equipment visible.","[""two dumbbells""]","[""gastrocnemius""]",GND-020,1,BATCHED,NOT_RUN,,,,,,,,,,
abb14782-e90c-44c7-b50d-99733ca8b5b1,덤벨 스티프 레그 데드리프트,하체,deadlift,DRAFT_READY,"Standing hip hinge, neutral back, lowering load close to legs and extending hips. Stiff-leg version: knees nearly straight, controlled hip hinge. Use equipment: two dumbbells. Full body and equipment visible.","[""two dumbbells""]","[""gluteus maximus"", ""hamstrings""]",GND-020,9,BATCHED,NOT_RUN,,,,,,,,,,
75520373-5583-4afe-a849-ef8441da641a,덤벨 스플릿 스쿼트,하체,lunge,DRAFT_READY,"Stationary split stance, both feet remain planted, bending front and rear knees. Use equipment: two dumbbells. Full body and equipment visible.","[""two dumbbells""]","[""quadriceps"", ""gluteus maximus""]",GND-025,1,BATCHED,NOT_RUN,,,,,,,,,,
3751d625-ab5a-429f-95a8-09dad36bb391,덤벨 워킹 런지,하체,lunge,DRAFT_READY,"Split stance, lowering rear knee toward floor with front foot planted. Step forward through successive lunges. Use equipment: two dumbbells. Full body and equipment visible.","[""two dumbbells""]","[""quadriceps"", ""gluteus maximus""]",GND-025,2,BATCHED,NOT_RUN,,,,,,,,,,
2c38f171-8877-4dd1-bb20-3b95697fa175,덤벨 원레그 데드리프트,하체,deadlift,DRAFT_READY,"Standing hip hinge, neutral back, lowering load close to legs and extending hips. Balance on ONE leg while the other leg extends backward. Use equipment: two dumbbells. Full body and equipment visible.","[""two dumbbells""]","[""gluteus maximus"", ""hamstrings""]",GND-020,10,BATCHED,NOT_RUN,,,,,,,,,,
0a39b280-c943-4f3e-b7f7-c3d96a143009,덤벨 프론트 스쿼트,하체,squat,DRAFT_READY,"Both feet planted, bending knees and hips with neutral spine. Load held in FRONT of shoulders. Use equipment: two dumbbells. Full body and equipment visible.","[""two dumbbells""]","[""quadriceps"", ""gluteus maximus""]",GND-026,9,BATCHED,NOT_RUN,,,,,,,,,,
304e6337-ebdd-47a2-9010-bbb928e8494b,덩키 카프 레이즈,하체,calf_raise,DRAFT_READY,"Standing with hips hinged about90 degrees and hands supported, heels lifting onto forefeet, knees straight.","[""support bench""]","[""gastrocnemius""]",GND-020,2,BATCHED,NOT_RUN,,,,,,,,,,
7874f28b-6b4a-4b4f-85c7-b94a5e5e905f,덩키 킥,하체,hip_extension,DRAFT_READY,"On hands and knees, extending one hip backward and upward with knee bent.","[""floor""]","[""gluteus maximus""]",GND-023,4,BATCHED,NOT_RUN,,,,,,,,true,0,PASS
8ab89502-bd17-4a3d-91a8-d308a3151274,데피싯 데드리프트,하체,,NEEDS_REVIEW,,[],[],,,PENDING,NOT_RUN,No sufficiently explicit definition available in current specification.,,,,,,,,,
ea6bd276-e7bc-4061-a14c-c7106f280704,라잉 힙 어브덕션,하체,hip_abduction,DRAFT_READY,"Lying on side, lifting upper straight leg sideways upward.","[""floor""]","[""gluteus medius""]",GND-022,3,BATCHED,NOT_RUN,,,,,,,,,,
706f7747-59c2-483d-a11d-205651baf634,런지,하체,lunge,DRAFT_READY,"Split stance, lowering rear knee toward floor with front foot planted. Step forward into the lunge. Use equipment: floor. Full body and equipment visible.","[""floor""]","[""quadriceps"", ""gluteus maximus""]",GND-025,3,BATCHED,NOT_RUN,,,,,true,0,PASS,,,
89631752-f7bd-4136-8217-77b3200042e8,런지 트위스트,하체,,NEEDS_REVIEW,,[],[],,,PENDING,NOT_RUN,No sufficiently explicit definition available in current specification.,,,,,,,,,
ef6000b6-4322-4bee-8918-6318c30dd902,레그 익스텐션,하체,leg_extension,DRAFT_READY,"Seated against the back pad of a leg-extension MACHINE, knees aligned with machine pivot, extending both knees against a padded roller in front of lower shins. Side view.","[""leg extension machine""]","[""quadriceps""]",GND-TRIAL-001,9,QA_FAIL,FAIL,,true,0,PASS,,,,,,
a3c0dcd7-bb89-4a85-a270-375d972b063a,레그 컬,하체,,NEEDS_REVIEW,,[],[],,,PENDING,NOT_RUN,Prone/seated/standing version not specified.,,,,,,,,,
e581495c-1793-496e-9a31-adda5eec222d,레그프레스,하체,,NEEDS_REVIEW,,[],[],,,PENDING,NOT_RUN,No sufficiently explicit definition available in current specification.,,,,,,,,,
3d9ff4da-4592-44a0-8030-dfea0a903eb2,레버리지 스쿼트 머신,하체,,NEEDS_REVIEW,,[],[],,,PENDING,NOT_RUN,Specialist equipment/multi-phase movement requires an explicit reviewed definition.,,,,,,,,,
58dc962b-c1e4-43a3-a873-fb90f09d4883,로터리 카프 머신,하체,,NEEDS_REVIEW,,[],[],,,PENDING,NOT_RUN,Specialist equipment/multi-phase movement requires an explicit reviewed definition.,,,,,,,,,
92841dad-03c0-47d8-a75c-7a8d936bd905,루마니안 데드리프트,하체,deadlift,DRAFT_READY,"Standing holding barbell, slight knee bend, hips hinge backward lowering bar close to legs without resting on floor.","[""barbell""]","[""hamstrings"", ""gluteus maximus""]",GND-021,1,BATCHED,NOT_RUN,,,,,false,1,PASS,,,
4be31412-d983-4676-a11b-7742212996f5,리니어 핵 스쿼트 머신,하체,,NEEDS_REVIEW,,[],[],,,PENDING,NOT_RUN,Specialist equipment/multi-phase movement requires an explicit reviewed definition.,,,,,,,,,
811f57a5-6968-47f5-a586-f9d20a50facf,리버스 런지,하체,lunge,DRAFT_READY,"Split stance, lowering rear knee toward floor with front foot planted. Step backward into the lunge. Use equipment: floor. Full body and equipment visible.","[""floor""]","[""quadriceps"", ""gluteus maximus""]",GND-025,4,BATCHED,NOT_RUN,,,,,,,,true,0,PASS
7f6df343-dd8c-4f66-b3b4-55b70bb04562,리버스 브이 스쿼트,하체,,NEEDS_REVIEW,,[],[],,,PENDING,NOT_RUN,Specialist equipment/multi-phase movement requires an explicit reviewed definition.,,,,,,,,,
beb901cb-bb0f-4931-a8b5-ed78551db010,맨몸 스쿼트,하체,squat,DRAFT_READY,"Bodyweight squat without weights, both feet planted shoulder-width, bending knees and hips with arms extended forward.","[""floor""]","[""quadriceps"", ""gluteus maximus""]",GND-026,10,BATCHED,NOT_RUN,,,,,true,0,PASS,,,
89f804fc-0027-462c-817e-f278ef93c546,맨몸 스플릿 스쿼트,하체,lunge,DRAFT_READY,"Stationary split stance, both feet remain planted, bending front and rear knees. Use equipment: floor. Full body and equipment visible.","[""floor""]","[""quadriceps"", ""gluteus maximus""]",GND-025,5,BATCHED,NOT_RUN,,,,,,,,,,
6e59798c-523c-4a15-9f89-6fdcc27b8c6e,맨몸 오버헤드 스쿼트,하체,,NEEDS_REVIEW,,[],[],,,PENDING,NOT_RUN,Arm position or trap-bar squat/hinge distinction requires explicit review.,,,,,,,,,
792e574a-1dd9-4d2f-a0eb-429a60deb304,맨몸 원레그 데드리프트,하체,deadlift,DRAFT_READY,"Standing hip hinge, neutral back, lowering load close to legs and extending hips. Balance on ONE leg while the other leg extends backward. Use equipment: floor. Full body and equipment visible.","[""floor""]","[""gluteus maximus"", ""hamstrings""]",GND-021,2,BATCHED,NOT_RUN,,,,,,,,,,
405f9f1d-471a-4f37-958e-339f915d134f,몬스터 글루트 머신,하체,,NEEDS_REVIEW,,[],[],,,PENDING,NOT_RUN,Specialist equipment/multi-phase movement requires an explicit reviewed definition.,,,,,,,,,
4ae3d576-780e-42d2-bd7e-d3147d8212b5,바벨 런지,하체,lunge,DRAFT_READY,"Split stance, lowering rear knee toward floor with front foot planted. Step forward into the lunge. Bar rests on upper back. Use equipment: barbell. Full body and equipment visible.","[""barbell""]","[""quadriceps"", ""gluteus maximus""]",GND-025,6,BATCHED,NOT_RUN,,,,,,,,,,
f0e199c4-44f2-42c5-af13-053b9be5e025,바벨 레터럴 런지,하체,lunge,DRAFT_READY,"Wide lateral step, bending stepping-leg knee while other leg remains straight. Bar rests on upper back. Use equipment: barbell. Full body and equipment visible.","[""barbell""]","[""quadriceps"", ""gluteus maximus""]",GND-025,7,BATCHED,NOT_RUN,,,,,,,,,,
e4847527-3bc1-4efd-9d4e-dcae6d0a6c09,바벨 박스 스쿼트,하체,squat,DRAFT_READY,"Both feet planted, bending knees and hips with neutral spine. Bar rests across upper back. Squat toward a box behind hips. Use equipment: barbell, box. Full body and equipment visible.","[""barbell"", ""box""]","[""quadriceps"", ""gluteus maximus""]",GND-027,1,BATCHED,NOT_RUN,,,,,,,,,,
b6b870d3-c3cb-4c19-8274-b3dea91fbfdb,바벨 백스쿼트,하체,squat,DRAFT_READY,"Barbell back squat, barbell resting across upper back, feet shoulder-width, bending hips and knees with heels planted.","[""barbell""]","[""quadriceps"", ""gluteus maximus""]",GND-027,2,BATCHED,NOT_RUN,,,,,,,,,,
76619e56-9f0c-42f0-bb0a-34893d63e212,바벨 백워드 런지,하체,lunge,DRAFT_READY,"Split stance, lowering rear knee toward floor with front foot planted. Step backward into the lunge. Bar rests on upper back. Use equipment: barbell. Full body and equipment visible.","[""barbell""]","[""quadriceps"", ""gluteus maximus""]",GND-025,8,BATCHED,NOT_RUN,,,,,,,,,,
0e9ff359-8aed-4509-87e1-1e966118cb30,바벨 불가리안 스플릿 스쿼트,하체,lunge,DRAFT_READY,"Stationary split stance, both feet remain planted, bending front and rear knees. Rear foot elevated on bench. Bar rests across upper back. Use equipment: barbell, bench. Full body and equipment visible.","[""barbell"", ""bench""]","[""quadriceps"", ""gluteus maximus""]",GND-025,9,BATCHED,NOT_RUN,,,,,,,,,,
b8d90fc4-9b3d-4835-8154-eaf740e24af3,바벨 스모 스쿼트,하체,squat,DRAFT_READY,"Both feet planted, bending knees and hips with neutral spine. Bar rests across upper back. Wide stance, toes angled outward. Use equipment: barbell. Full body and equipment visible.","[""barbell""]","[""quadriceps"", ""gluteus maximus""]",GND-027,3,BATCHED,NOT_RUN,,,,,,,,,,
b54cc899-b893-481b-ba19-9db0e508892f,바벨 스탠딩 카프 레이즈,하체,calf_raise,DRAFT_READY,"Standing with knees straight, rising onto balls of feet by lifting heels. Bar rests on upper back. Use equipment: barbell. Full body and equipment visible.","[""barbell""]","[""gastrocnemius""]",GND-020,3,BATCHED,NOT_RUN,,,,,,,,false,1,PASS
f56bb27c-393e-4c04-83cb-c9c9ac8f278d,바벨 스플릿 스쿼트,하체,lunge,DRAFT_READY,"Stationary split stance, both feet remain planted, bending front and rear knees. Bar rests across upper back. Use equipment: barbell. Full body and equipment visible.","[""barbell""]","[""quadriceps"", ""gluteus maximus""]",GND-025,10,BATCHED,NOT_RUN,,,,,,,,,,
4c3abd61-c415-4d29-ae91-931c99cbf631,바벨 오버헤드 스쿼트,하체,squat,DRAFT_READY,"Both feet planted, bending knees and hips with neutral spine. Load held OVERHEAD with straight arms. Use equipment: barbell. Full body and equipment visible.","[""barbell""]","[""quadriceps"", ""gluteus maximus""]",GND-027,4,BATCHED,NOT_RUN,,,,,,,,,,
b3f5f8c1-a347-4769-bdd5-cd7d7695eead,바벨 원레그 데드리프트,하체,deadlift,DRAFT_READY,"Standing hip hinge, neutral back, lowering load close to legs and extending hips. Balance on ONE leg while the other leg extends backward. Use equipment: barbell. Full body and equipment visible.","[""barbell""]","[""gluteus maximus"", ""hamstrings""]",GND-021,3,BATCHED,NOT_RUN,,,,,,,,,,
ce96693f-39c8-45ab-bef1-089a6f24a22e,바벨 점프 스쿼트,하체,squat,DRAFT_READY,"Both feet planted, bending knees and hips with neutral spine. Bar rests across upper back. Jump upward from squat, both feet visibly leaving floor. Use equipment: barbell. Full body and equipment visible.","[""barbell""]","[""quadriceps"", ""gluteus maximus""]",GND-027,5,BATCHED,NOT_RUN,,,,,,,,,,
daec30ae-4cbb-49a1-94c9-f79629952a3f,바벨 프론트 랙 런지,하체,,NEEDS_REVIEW,,[],[],,,PENDING,NOT_RUN,Combined rotation/rack position requires separate definition.,,,,,,,,,
6e26446d-c48a-45b2-bd25-37ec40d2c9eb,바벨 핵 스쿼트,하체,,NEEDS_REVIEW,,[],[],,,PENDING,NOT_RUN,Specialist equipment/multi-phase movement requires an explicit reviewed definition.,,,,,,,,,
c259d4ca-b7ef-482a-bf7d-604196be4864,박스 점프,하체,jump,DRAFT_READY,"Jumping with both feet toward top of stable box, knees flexed and arms swinging for balance.","[""plyometric box""]","[""quadriceps""]",GND-023,8,BATCHED,NOT_RUN,,,,,false,1,PASS,,,
68c43953-ab2a-4548-9169-3d6e0895aecf,벨트 스쿼트 머신,하체,squat,DRAFT_READY,"Standing on belt squat platform, load suspended from belt around pelvis, squatting with no bar on shoulders.","[""belt squat machine"", ""hip belt""]","[""quadriceps"", ""gluteus maximus""]",GND-027,6,BATCHED,NOT_RUN,,,,,,,,,,
92b9295b-e21a-46da-81c8-22cf4408e76b,보수볼 덤벨 원레그 데드리프트,하체,,NEEDS_REVIEW,,[],[],,,PENDING,NOT_RUN,Specialist equipment/multi-phase movement requires an explicit reviewed definition.,,,,,,,,,
ee2b8fce-130f-4f30-bb8d-525314e9ff87,보수볼 원레그 데드리프트,하체,,NEEDS_REVIEW,,[],[],,,PENDING,NOT_RUN,Specialist equipment/multi-phase movement requires an explicit reviewed definition.,,,,,,,,,
8c1f4982-d949-48df-ba11-b0fc027159c7,브이 스쿼트,하체,,NEEDS_REVIEW,,[],[],,,PENDING,NOT_RUN,Specialist equipment/multi-phase movement requires an explicit reviewed definition.,,,,,,,,,
432b2697-6012-4f88-86c0-81281f58a5d8,사이드 라잉 클램,하체,hip_abduction,DRAFT_READY,"Lying on side with hips and knees bent, feet together, opening upper knee upward.","[""floor""]","[""gluteus medius""]",GND-022,4,BATCHED,NOT_RUN,,,,,,,,true,0,PASS
45ecb917-61a7-4987-b239-3c6c25639ed2,사이드 런지,하체,lunge,DRAFT_READY,"Wide lateral step, bending stepping-leg knee while other leg remains straight. Use equipment: floor. Full body and equipment visible.","[""floor""]","[""quadriceps"", ""gluteus maximus""]",GND-026,1,BATCHED,NOT_RUN,,true,0,PASS,,,,,,
8459b0cc-6924-4027-9794-4b9f87819b5d,세이프티바 스쿼트,하체,squat,DRAFT_READY,"Both feet planted, bending knees and hips with neutral spine. Bar rests across upper back. Use equipment: safety squat bar. Full body and equipment visible.","[""safety squat bar""]","[""quadriceps"", ""gluteus maximus""]",GND-027,7,BATCHED,NOT_RUN,,,,,,,,,,
e5fec7fd-111d-4c75-9d93-60fb89293853,수평 레그 프레스,하체,leg_press,DRAFT_READY,"Seated upright in horizontal leg press machine, feet on platform in front, extending hips and knees to push platform horizontally.","[""horizontal leg press machine""]","[""quadriceps"", ""gluteus maximus""]",GND-024,6,BATCHED,NOT_RUN,,false,1,PASS,,,,,,
fff2bb1f-6df3-40b5-b481-1a627ed2903c,수평 원레그 프레스,하체,leg_press,DRAFT_READY,"Horizontal leg press machine, only ONE foot on platform, pushing horizontally by extending knee and hip.","[""horizontal leg press machine""]","[""quadriceps"", ""gluteus maximus""]",GND-024,7,BATCHED,NOT_RUN,,,,,,,,,,
866720eb-0bba-4329-a4f1-4f5433bcf231,스내치,하체,,NEEDS_REVIEW,,[],[],,,PENDING,NOT_RUN,Specialist equipment/multi-phase movement requires an explicit reviewed definition.,,,,,,,,,
f82c063a-d57d-4a43-a121-bbe7d41ec259,스모 데드리프트,하체,deadlift,DRAFT_READY,"Wide stance, toes outward, hands gripping BARBELL inside knees, lifting bar from floor.","[""barbell""]","[""gluteus maximus"", ""hamstrings""]",GND-021,4,BATCHED,NOT_RUN,,,,,,,,,,
9b1d9f54-d969-480e-ac3a-f9a92e63fbf5,스미스머신 데드리프트,하체,deadlift,DRAFT_READY,"Standing inside Smith frame, neutral-spine hip hinge, raising guided bar close to legs.","[""Smith machine""]","[""gluteus maximus"", ""hamstrings""]",GND-021,5,BATCHED,NOT_RUN,,,,,,,,,,
6a78eed0-b7b3-44f7-a8d2-ee7417938154,스미스머신 불가리안 스플릿 스쿼트,하체,lunge,DRAFT_READY,"Split squat inside Smith frame, guided bar on upper back, rear foot elevated on a bench.","[""Smith machine"", ""bench""]","[""quadriceps"", ""gluteus maximus""]",GND-026,2,BATCHED,NOT_RUN,,,,,,,,,,
f8af8821-457b-4083-8875-b14685623457,스미스머신 스쿼트,하체,squat,DRAFT_READY,"Back squat inside Smith frame, guided bar across upper back, bending knees and hips with heels planted.","[""Smith machine""]","[""quadriceps"", ""gluteus maximus""]",GND-027,8,BATCHED,NOT_RUN,,,,,,,,,,
1067b351-09fb-491d-b869-eef45a822e19,스미스머신 스플릿 스쿼트,하체,lunge,DRAFT_READY,"Stationary split stance within Smith frame, guided bar on upper back, both feet planted while bending knees.","[""Smith machine""]","[""quadriceps"", ""gluteus maximus""]",GND-026,3,BATCHED,NOT_RUN,,,,,,,,,,
1424dff5-a705-4db9-869d-5201a86e4b6c,스미스머신 카프 레이즈,하체,calf_raise,DRAFT_READY,"Standing in Smith frame, guided bar on upper back, knees straight, lifting heels from a calf step.","[""Smith machine"", ""step""]","[""gastrocnemius""]",GND-020,4,BATCHED,NOT_RUN,,,,,,,,,,
bec29238-dc5b-4187-ac75-6c5ad0cb2223,스미스머신 핵 스쿼트,하체,,NEEDS_REVIEW,,[],[],,,PENDING,NOT_RUN,Specialist equipment/multi-phase movement requires an explicit reviewed definition.,,,,,,,,,
e70c0de0-e520-4999-bbb2-ae4ae92b5b90,스미스머신 힙 쓰러스트,하체,,NEEDS_REVIEW,,[],[],,,PENDING,NOT_RUN,Specialist equipment/multi-phase movement requires an explicit reviewed definition.,,,,,,,,,
d3887e12-d386-4fe4-b41f-219a8c0ab141,스쿼트,하체,squat,DRAFT_READY,"Barbell back squat, standing with a barbell resting on upper back, feet shoulder-width apart, hips and knees bent in a squat.","[""barbell""]","[""quadriceps"", ""gluteus maximus""]",GND-027,9,BATCHED,NOT_RUN,,true,0,PASS,,,,,,
8fade715-13eb-457d-b48e-6f1ce0a9e597,스탠딩 카프 레이즈,하체,calf_raise,DRAFT_READY,"Standing with knees straight on a step, raising heels high onto forefeet, no external weights.","[""step""]","[""gastrocnemius""]",GND-020,5,BATCHED,NOT_RUN,,true,0,PASS,,,,,,
b35136ae-9d4c-42db-a7ed-c6e17e97e4c6,스탠딩 햄스트링 컬 머신,하체,leg_curl,DRAFT_READY,"Standing supported by hamstring curl machine, one ankle against roller, bending working knee backward.","[""standing leg curl machine""]","[""hamstrings""]",GND-024,2,BATCHED,NOT_RUN,,,,,,,,true,0,PASS
656ae2ea-7b1f-45a3-b563-16a5ba436efa,스탠딩 힙 어브덕션,하체,hip_abduction,DRAFT_READY,"Standing on one leg, moving other straight leg sideways without cable or machine.","[""floor""]","[""gluteus medius""]",GND-022,5,BATCHED,NOT_RUN,,,,,,,,,,
66af6e45-aef2-466a-8a3e-b90505c2a0e6,스텝업,하체,step_up,DRAFT_READY,"One foot on stable box, stepping upward by extending planted leg while other foot rises from floor.","[""box""]","[""quadriceps"", ""gluteus maximus""]",GND-028,8,BATCHED,NOT_RUN,,true,0,PASS,,,,,,
4dfc7f15-f41f-4e2a-a60d-b7f99f4be4fc,스티프 레그 데드리프트,하체,deadlift,DRAFT_READY,"Standing barbell hip hinge with knees nearly straight, lowering bar close to shins, neutral back.","[""barbell""]","[""hamstrings""]",GND-021,6,BATCHED,NOT_RUN,,,,,,,,,,
608f1343-dbd3-44d3-9407-a6a443c4d0a2,시시 스쿼트,하체,,NEEDS_REVIEW,,[],[],,,PENDING,NOT_RUN,No sufficiently explicit definition available in current specification.,,,,,,,,,
ce90ab46-1ace-4493-b691-cb0f82400c84,시티드 레그 컬,하체,leg_curl,DRAFT_READY,"Seated with thighs secured by pad, heels over ankle roller, bending BOTH knees to pull roller downward under seat.","[""seated leg curl machine""]","[""hamstrings""]",GND-024,3,BATCHED,NOT_RUN,,false,1,PASS,,,,,,
92253305-7504-4dc6-ab24-2cd15ffc05fe,시티드 원레그 컬,하체,leg_curl,DRAFT_READY,"Seated leg curl machine with thighs secured, only ONE knee bending against ankle roller, other leg inactive.","[""seated leg curl machine""]","[""hamstrings""]",GND-024,4,BATCHED,NOT_RUN,,,,,,,,,,
5d094859-8765-44bb-ac00-bd416bb10247,시티드 카프 레이즈,하체,calf_raise,DRAFT_READY,"Seated at seated calf machine, knees bent90 degrees and thigh pad above knees, raising heels from foot platform.","[""seated calf machine""]","[""soleus""]",GND-020,6,BATCHED,NOT_RUN,,,,,false,1,PASS,,,
e14b8625-377e-4a99-a613-93d62f1fdc2c,싱글 레그 글루트 브릿지,하체,hip_bridge,DRAFT_READY,"Lying on back, one foot planted and other leg raised, lifting hips using planted leg.","[""floor""]","[""gluteus maximus""]",GND-023,1,BATCHED,NOT_RUN,,,,,,,,,,
90e5a736-81c3-491f-9210-6ac3e23c844c,쓰러스터,하체,,NEEDS_REVIEW,,[],[],,,PENDING,NOT_RUN,Specialist equipment/multi-phase movement requires an explicit reviewed definition.,,,,,,,,,
d3ad03bf-5594-49c2-96d7-3ba04cb54e6d,와이드 스쿼트,하체,squat,DRAFT_READY,"Both feet planted, bending knees and hips with neutral spine. Wide stance, toes angled outward. Use equipment: floor. Full body and equipment visible.","[""floor""]","[""quadriceps"", ""gluteus maximus""]",GND-027,10,BATCHED,NOT_RUN,,,,,,,,,,
ae6e62fa-4f4e-41aa-9256-4dd4e01d3ed5,원레그 익스텐션,하체,leg_extension,DRAFT_READY,"Seated in leg extension machine, only ONE knee straightening against shin roller, other leg relaxed.","[""leg extension machine""]","[""quadriceps""]",GND-024,5,BATCHED,NOT_RUN,,,,,,,,true,0,PASS
93937e1b-1705-43f6-ad64-1de1c4918a6e,원레그 컬,하체,,NEEDS_REVIEW,,[],[],,,PENDING,NOT_RUN,No sufficiently explicit definition available in current specification.,,,,,,,,,
bfe7288b-4287-4720-afd8-30ac5da3d0af,원레그 프레스,하체,,NEEDS_REVIEW,,[],[],,,PENDING,NOT_RUN,No sufficiently explicit definition available in current specification.,,,,,,,,,
87c03be8-bf94-4e7a-aeb8-bb78fa9057af,월 싯,하체,wall_sit,DRAFT_READY,"Back against a vertical wall, knees and hips bent about 90 degrees, thighs horizontal and feet planted.","[""wall""]","[""quadriceps""]",GND-028,9,BATCHED,NOT_RUN,,,,,true,0,PASS,,,
7e956b4a-f312-4c24-9e5d-9030f77447b1,저처 스쿼트,하체,squat,DRAFT_READY,"Barbell held in crooks of both elbows in front of abdomen, squatting with torso upright.","[""barbell""]","[""quadriceps"", ""gluteus maximus""]",GND-028,1,BATCHED,NOT_RUN,,,,,,,,,,
b8308341-075a-4ca8-9ba8-f4b08f340de4,저크,하체,,NEEDS_REVIEW,,[],[],,,PENDING,NOT_RUN,Specialist equipment/multi-phase movement requires an explicit reviewed definition.,,,,,,,,,
4a3b7d1b-f899-4b19-8f45-220acdee0b4a,점프 스쿼트,하체,squat,DRAFT_READY,"Both feet planted, bending knees and hips with neutral spine. Jump upward from squat, both feet visibly leaving floor. Use equipment: floor. Full body and equipment visible.","[""floor""]","[""quadriceps"", ""gluteus maximus""]",GND-028,2,BATCHED,NOT_RUN,,,,,,,,,,
4f5222fc-3c56-4f2b-9d31-190826a428b6,점핑잭,하체,jumping_jack,DRAFT_READY,"Jumping jack with legs spread and both arms overhead, body upright; no equipment.","[""floor""]","[""quadriceps""]",GND-023,9,BATCHED,NOT_RUN,,,,,,,,true,0,PASS
8c6990b9-35fc-40a6-b397-22c1cd1bb545,정지 데드리프트,하체,,NEEDS_REVIEW,,[],[],,,PENDING,NOT_RUN,Pause height not defined in catalog.,,,,,,,,,
e204ba43-3b0b-4c94-949a-7642d21d9dd0,정지 백 스쿼트,하체,squat,DRAFT_READY,"Barbell back squat paused at bottom, heels planted, hip crease near knee level; still image depicts bottom hold.","[""barbell""]","[""quadriceps"", ""gluteus maximus""]",GND-028,3,BATCHED,NOT_RUN,,,,,,,,,,
148dcbc2-1a80-4c3a-af08-11827edf4b8c,정지 스모 데드리프트,하체,,NEEDS_REVIEW,,[],[],,,PENDING,NOT_RUN,Pause height not defined in catalog.,,,,,,,,,
a7778165-ae05-43a4-a649-d7ace39ea27f,중량 스텝업,하체,,NEEDS_REVIEW,,[],[],,,PENDING,NOT_RUN,No sufficiently explicit definition available in current specification.,,,,,,,,,
5ae5b212-2d08-40fb-a9b0-236c934c97f1,중량 시시 스쿼트,하체,,NEEDS_REVIEW,,[],[],,,PENDING,NOT_RUN,No sufficiently explicit definition available in current specification.,,,,,,,,,
6afd3211-51be-452d-b35a-92b0d874ff45,카프 레이즈,하체,,NEEDS_REVIEW,,[],[],,,PENDING,NOT_RUN,Equipment not specified.,,,,,,,,,
cabb25ea-2bf3-4d57-a593-30b7d0fe37be,컨벤셔널 데드리프트,하체,deadlift,DRAFT_READY,"Conventional barbell deadlift, feet hip-width, grip outside legs, neutral spine, lifting bar from floor close to shins.","[""barbell""]","[""gluteus maximus"", ""hamstrings""]",GND-021,7,BATCHED,NOT_RUN,,,,,,,,,,
6d22712f-01fb-4a09-9f52-91159733e6dc,케이블 킥백,하체,hip_extension,DRAFT_READY,"Standing facing low pulley, ankle cuff on working leg, extending leg backward while torso remains supported.","[""low cable machine"", ""ankle cuff""]","[""gluteus maximus""]",GND-023,5,BATCHED,NOT_RUN,,,,,,,,,,
2d4b66e0-6355-4b1c-9e52-21ac8c61ea92,케이블 풀 스루,하체,hip_hinge,DRAFT_READY,"Facing away from LOW cable machine, rope held between legs, hips hinged then extended, arms straight.","[""low cable machine"", ""rope""]","[""gluteus maximus"", ""hamstrings""]",GND-023,6,BATCHED,NOT_RUN,,,,,,,,,,
b36af1fe-a51f-4a52-8b34-2bd8e3472901,케이블 힙 어브덕션,하체,hip_abduction,DRAFT_READY,"Standing beside LOW cable column, ankle cuff on outer leg, moving straight leg sideways away from body.","[""low cable machine"", ""ankle cuff""]","[""gluteus medius""]",GND-022,6,BATCHED,NOT_RUN,,,,,,,,,,
10b075ad-e37a-4200-8253-5ad8dd37c2c2,케틀벨 고블릿 스쿼트,하체,squat,DRAFT_READY,"Both feet planted, bending knees and hips with neutral spine. One weight held with both hands at chest. Use equipment: kettlebell. Full body and equipment visible.","[""kettlebell""]","[""quadriceps"", ""gluteus maximus""]",GND-028,4,BATCHED,NOT_RUN,,,,,,,,true,0,PASS
55ea844e-56f6-4453-8ed2-78d265d6cd6d,케틀벨 데드리프트,하체,deadlift,DRAFT_READY,"Standing hip hinge, neutral back, lowering load close to legs and extending hips. Conventional stance: feet hip-width, grip outside knees, load starts on floor. Use equipment: kettlebell. Full body and equipment visible.","[""kettlebell""]","[""gluteus maximus"", ""hamstrings""]",GND-021,8,BATCHED,NOT_RUN,,,,,,,,,,
3dad5479-7d84-4beb-9b3b-40f836da22a1,케틀벨 런지 트위스트,하체,,NEEDS_REVIEW,,[],[],,,PENDING,NOT_RUN,Combined rotation/rack position requires separate definition.,,,,,,,,,
ea4664d3-174c-4fb7-b1e5-ff6ce8b56284,케틀벨 레터럴 런지,하체,lunge,DRAFT_READY,"Wide lateral step, bending stepping-leg knee while other leg remains straight. Use equipment: kettlebell. Full body and equipment visible.","[""kettlebell""]","[""quadriceps"", ""gluteus maximus""]",GND-026,4,BATCHED,NOT_RUN,,,,,,,,,,
9da2df56-bfd6-47f9-91e1-55b4fc55c563,케틀벨 백워드 런지,하체,lunge,DRAFT_READY,"Split stance, lowering rear knee toward floor with front foot planted. Step backward into the lunge. Use equipment: kettlebell. Full body and equipment visible.","[""kettlebell""]","[""quadriceps"", ""gluteus maximus""]",GND-026,5,BATCHED,NOT_RUN,,,,,,,,,,
f9e47391-f12c-4535-8e30-c73d2900cc41,케틀벨 스모 데드리프트,하체,deadlift,DRAFT_READY,"Standing hip hinge, neutral back, lowering load close to legs and extending hips. Sumo stance: very wide feet and hands inside knees. Use equipment: kettlebell. Full body and equipment visible.","[""kettlebell""]","[""gluteus maximus"", ""hamstrings""]",GND-021,9,BATCHED,NOT_RUN,,,,,,,,,,
b01126bd-9e9e-4ace-8624-d0f5fc9fd7e4,케틀벨 스모 스쿼트,하체,,NEEDS_REVIEW,,[],[],,,PENDING,NOT_RUN,Kettlebell rack position not specified.,,,,,,,,,
13543780-2372-4b5e-87c3-0995b8352f79,케틀벨 스윙,하체,hip_hinge,DRAFT_READY,"Standing, hips hinging then extending to swing ONE kettlebell with both hands to chest height; arms do not lift overhead.","[""kettlebell""]","[""gluteus maximus"", ""hamstrings""]",GND-023,7,BATCHED,NOT_RUN,,,,,false,1,PASS,,,
920583b1-006e-4b6c-864a-fcdffc839694,케틀벨 원레그 데드리프트,하체,deadlift,DRAFT_READY,"Standing hip hinge, neutral back, lowering load close to legs and extending hips. Balance on ONE leg while the other leg extends backward. Use equipment: kettlebell. Full body and equipment visible.","[""kettlebell""]","[""gluteus maximus"", ""hamstrings""]",GND-021,10,BATCHED,NOT_RUN,,,,,,,,,,
93d89f36-15e2-419c-a59c-e80faa238374,클린,하체,,NEEDS_REVIEW,,[],[],,,PENDING,NOT_RUN,Specialist equipment/multi-phase movement requires an explicit reviewed definition.,,,,,,,,,
c757a862-5402-4797-9391-767b02920a52,클린 앤 저크,하체,,NEEDS_REVIEW,,[],[],,,PENDING,NOT_RUN,Specialist equipment/multi-phase movement requires an explicit reviewed definition.,,,,,,,,,
bb7e1e51-a7de-4edd-8b50-2c68acc8c5cb,트랩바 데드리프트,하체,deadlift,DRAFT_READY,"Standing hip hinge, neutral back, lowering load close to legs and extending hips. Conventional stance: feet hip-width, grip outside knees, load starts on floor. Use equipment: trap bar. Full body and equipment visible.","[""trap bar""]","[""gluteus maximus"", ""hamstrings""]",GND-022,1,BATCHED,NOT_RUN,,,,,,,,false,1,PASS
c0370bb4-3f5c-45c4-9984-c8f7c3bf0688,트랩바 스쿼트,하체,,NEEDS_REVIEW,,[],[],,,PENDING,NOT_RUN,Arm position or trap-bar squat/hinge distinction requires explicit review.,,,,,,,,,
f242d169-3e47-44d1-96c8-0a6f51fce13c,파이어 하이드런트,하체,hip_abduction,DRAFT_READY,"On hands and knees, lifting one bent knee sideways without rotating torso.","[""floor""]","[""gluteus medius""]",GND-022,7,BATCHED,NOT_RUN,,,,,,,,,,
db046055-a511-41f2-9c45-563bf0ca2132,펜듈럼 스쿼트 머신,하체,,NEEDS_REVIEW,,[],[],,,PENDING,NOT_RUN,Specialist equipment/multi-phase movement requires an explicit reviewed definition.,,,,,,,,,
ae81bdea-781c-4ed2-836f-9d17181ad16f,프론트 스쿼트,하체,squat,DRAFT_READY,"BARBELL resting across FRONT shoulders with elbows forward, heels planted, knees and hips bent in squat.","[""barbell""]","[""quadriceps""]",GND-028,5,BATCHED,NOT_RUN,,,,,,,,,,
349208cd-975c-447b-b488-5373e5c3878a,피스톨 박스 스쿼트,하체,squat,DRAFT_READY,Squatting on ONE leg with opposite straight leg extended forward. Box behind hips. Use equipment: box. Full body and equipment visible.,"[""box""]","[""quadriceps"", ""gluteus maximus""]",GND-028,6,BATCHED,NOT_RUN,,,,,,,,,,
b60cc90b-204d-4ffb-acf0-8cdf10504df5,피스톨 스쿼트,하체,squat,DRAFT_READY,Squatting on ONE leg with opposite straight leg extended forward. Use equipment: floor. Full body and equipment visible.,"[""floor""]","[""quadriceps"", ""gluteus maximus""]",GND-028,7,BATCHED,NOT_RUN,,,,,,,,,,
1ce6e6f1-9f35-46fe-9ea0-16b0567d43d5,하이 니,하체,high_knees,DRAFT_READY,Running in place with one knee raised toward hip height and opposite elbow forward.,"[""floor""]","[""hip flexors""]",GND-022,2,BATCHED,NOT_RUN,,,,,,,,,,
d187322d-0171-4b4a-98b4-b731afcc9830,핵 스쿼트 머신,하체,,NEEDS_REVIEW,,[],[],,,PENDING,NOT_RUN,Specialist equipment/multi-phase movement requires an explicit reviewed definition.,,,,,,,,,
4ea5b8a7-1f1c-4bf1-987c-5291a83a4604,힙 브릿지,하체,hip_bridge,DRAFT_READY,"Lying on back on floor, knees bent, feet planted, lifting hips while shoulders stay on floor.","[""floor""]","[""gluteus maximus""]",GND-023,2,BATCHED,NOT_RUN,,true,0,PASS,,,,,,
8d498e12-32e2-4580-86ac-66194291ad95,힙 쓰러스트,하체,,NEEDS_REVIEW,,[],[],,,PENDING,NOT_RUN,External load/equipment not specified.,,,,,,,,,
5f6ed03f-05b0-4eb3-86d9-82ba7a28e48a,힙 쓰러스트 머신,하체,,NEEDS_REVIEW,,[],[],,,PENDING,NOT_RUN,Specialist equipment/multi-phase movement requires an explicit reviewed definition.,,,,,,,,,
089d8dbe-168b-473a-bd96-b7b1655f69ed,힙 어덕션 머신,하체,hip_adduction,DRAFT_READY,"Seated in adductor machine, pads against INNER knees, moving thighs inward together.","[""hip adduction machine""]","[""hip adductors""]",GND-022,9,BATCHED,NOT_RUN,,,,,true,0,PASS,,,
572150f9-e64a-40b5-9fb0-cdc288ed19f7,힙 어브덕션 머신,하체,hip_abduction,DRAFT_READY,"Seated in abductor machine, pads against OUTER knees, opening thighs outward.","[""hip abduction machine""]","[""gluteus medius""]",GND-022,8,BATCHED,NOT_RUN,,,,,false,2,PASS,,,
